,dissimilarity_0,dissimilarity_45,dissimilarity_90,dissimilarity_135,correlation_0,correlation_45,correlation_90,correlation_135,homogeneity_0,homogeneity_45,homogeneity_90,homogeneity_135,contrast_0,contrast_45,contrast_90,contrast_135,ASM_0,ASM_45,ASM_90,ASM_135,energy_0,energy_45,energy_90,energy_135,label
0,4.1927401885832944,5.12919214293629,5.5280917068012085,5.403745469191198,0.8315259662929303,0.7571819532857644,0.7109536177937453,0.7200936992768676,0.4118260808193086,0.38675685967657353,0.38108113951417905,0.3828459839346426,70.32181766055437,100.99925401824699,120.42485086471864,116.42597389522956,0.05876836539224014,0.05592357876546134,0.055747395387531484,0.055818734660274864,0.24242187482205507,0.23648166686967795,0.23610886342433543,0.23625988796296943,fullyfermented
1,5.948706221785827,8.077266320068714,7.786435529772812,7.268402409110432,0.8894846171799456,0.8031650740922525,0.8108237937093745,0.8344884753468254,0.41143509668402584,0.3843624969763379,0.38737710790419116,0.3919899956876325,147.6800162916967,262.6920559807146,252.90038492412552,220.8884551312941,0.085696383433543,0.08090649895577727,0.080920785409224,0.08105026865794203,0.29273944632307924,0.2844406773929799,0.2844657895234926,0.28469328874763106,fullyfermented
2,9.317512651085439,11.466744315895122,11.312960631932956,10.991000164758388,0.8574455963941308,0.7882112050948553,0.7898796200703257,0.8039653339591915,0.2640545513018105,0.24233346376837062,0.24266198418232893,0.24364386179751904,256.23169005753556,378.33325934542313,375.59532344572636,350.19054799917507,0.022703985609725183,0.020872722518257635,0.02062967679275124,0.020834229860512733,0.15067841786309405,0.14447395100244761,0.14363034774291691,0.1443406729252456,fullyfermented
3,8.290861183923612,10.632436934794251,10.666046409807743,10.19012008933614,0.8618800595845426,0.7883817296042518,0.7860224522433381,0.802482434429443,0.3169467546709272,0.28838663783280105,0.287084917271255,0.29168426521025625,225.21173274356917,344.3002965621164,348.1718111500419,321.35862501377215,0.038818322962831005,0.03525363481942872,0.034662227832567956,0.035297167191797964,0.197023660921299,0.18775951325945836,0.18617794668694773,0.1878754033709521,fullyfermented
4,5.968522462502363,8.199142807456012,8.591809416959359,8.127029711128179,0.8941920239918516,0.8012305292261225,0.7835671394685416,0.8098469095601826,0.34539224676984265,0.312126965339174,0.30620299292469955,0.31057498120703286,134.49706931703648,251.1385123384976,273.16535546193063,240.2520068282964,0.040276160988852575,0.036536600782076586,0.03583668880343909,0.03645404057736297,0.20068921492908526,0.19114549636880432,0.18930580763262148,0.19092941255176735,fullyfermented
5,5.791068243046959,7.571058195732313,7.897105772037907,7.532427323986299,0.8854229104502506,0.8005630458635351,0.7850875989119591,0.8058714280300193,0.41066521232425446,0.385190363659934,0.38053549842642714,0.38435259793232346,129.11902258993325,224.35667310442028,242.04144319178616,218.3850066818396,0.08457862958456894,0.07941770580996158,0.07863399461978647,0.07937533488724792,0.29082405262386557,0.28181147210495455,0.2804175362201631,0.281736286067748,fullyfermented
6,5.157248889617412,6.7568854574758985,7.359137842966113,7.093844963937972,0.8984324396690477,0.8226587338078528,0.7908083455128956,0.807828691143408,0.48990568836808496,0.4696872773544623,0.4649675655810064,0.46652194848265405,127.65735355687679,223.1325856735369,263.33146800206447,241.7918962582422,0.14528010830726823,0.1394879022415654,0.13901696821910559,0.1393869413391393,0.3811562780635631,0.37348079233283926,0.37284979310589084,0.3733456057584437,fullyfermented
7,9.942799348333725,13.294566689856808,13.857600882954591,13.295358437376231,0.8776981680341023,0.8058116126834987,0.7890128153253126,0.801353445557062,0.3327714998638078,0.3036989866407317,0.2989035052772026,0.303669707277306,347.13120949835263,548.7937474829755,595.6832630983947,561.3929264453752,0.056433894676030695,0.052409893826603805,0.05159053804915354,0.05198002075139231,0.2375581921888418,0.2289320725162899,0.2271355059191617,0.22799127341061173,fullyfermented
8,7.53714094582859,9.42008841943584,9.937203553707668,9.919690257388327,0.8798956210701532,0.8150809289154445,0.7959801358172421,0.8041055232391745,0.33672718621602094,0.312231374646178,0.30814945832912466,0.3066938305765349,222.4404602628703,341.44072877390937,377.14072533569157,361.7060831838935,0.04318897328550623,0.039867108434510905,0.03983751907755442,0.03984046978247376,0.20781956906294033,0.19966749468681902,0.19959338435317545,0.19960077600669232,fullyfermented
9,4.827717707878753,6.216256910630009,6.593070453882688,6.51009134844365,0.8907174067195787,0.822919141116024,0.7985640278855187,0.8056778566187427,0.5148113757767149,0.4920761270260621,0.48989497998886194,0.48997105728284834,133.2209798674957,216.12211218106236,245.82029881788682,237.1646056823361,0.1678741346327521,0.16244945972902608,0.1625736893345001,0.16204258095248575,0.4097244618432638,0.40305019504898654,0.40320427742584786,0.4025451290880139,fullyfermented
10,6.081592671472891,8.004711584228835,8.614296008465308,8.226542763520868,0.8974176118471244,0.8232151708515872,0.7986278075385875,0.8172559826783574,0.4604399768944787,0.43843932173731365,0.4326930252652421,0.43437538106607454,167.4146029015736,288.696708069474,328.80993687976775,298.4283010837931,0.12865572085619728,0.1229100928306346,0.12184931844000454,0.12268884631926352,0.358686103516985,0.35058535741048086,0.3490692172621421,0.350269676562593,fullyfermented
11,7.239688000583139,9.327907040604929,10.111621150759563,9.918266942483134,0.858398969038664,0.7651595603019443,0.729840661008193,0.7431775730883895,0.313059031651007,0.2827303645341568,0.27300488971129355,0.2750164131570561,163.86151157712123,269.96495716330276,310.601655994618,295.2347371215642,0.03444964319716969,0.03107611748398578,0.030302729695084116,0.030864346236913878,0.18560615075252676,0.17628419521892988,0.17407679252296704,0.1756825154559038,fullyfermented
12,6.684874217271727,8.62451259473677,9.133318739054893,8.977206366933283,0.9063511647845333,0.8558732146326135,0.8400957991803398,0.8455176025325475,0.4296581001699107,0.40452735340253687,0.40133423782272953,0.4026257115602282,180.73283002040492,277.89237496801627,309.0617292396534,297.8591398785029,0.11031648640402186,0.10517386884302982,0.10468760257204261,0.10515909315856199,0.332139257547225,0.32430520939853835,0.32355463614672964,0.3242824280755311,fullyfermented
13,6.656623161497642,9.07183163695118,9.557045388208476,9.064998810092025,0.9144020801547781,0.8413585094891165,0.8257901995489927,0.8460505390846955,0.41503376505255607,0.3892068297901311,0.383424984386648,0.38688672207092956,175.47614496870634,324.620114505972,356.278431479878,315.01904999456355,0.09853284689934082,0.09305479937263716,0.09226112104773274,0.09318319542773694,0.3138994216295099,0.305048847518946,0.3037451580646723,0.3052592266054164,fullyfermented
14,6.401314711665043,8.590769505365143,9.233905246643918,8.995178577968003,0.9144532702432572,0.8516916421009605,0.8270525280148672,0.8343432184272028,0.39338208550385434,0.36210556872372396,0.3565142734945732,0.36103132730725335,154.69582559707132,267.6464115073834,311.80689032401443,298.9544470582224,0.07330516995801663,0.06840752122981919,0.0676419496508632,0.06852600360163562,0.2707492750830861,0.2615483152876715,0.26008065989393214,0.26177471917974743,fullyfermented
15,6.845390545362277,9.081307436020932,9.794663054582989,9.5391022589991,0.8567016440463721,0.753497386301141,0.7146441817120534,0.732188414857166,0.3359091019930536,0.3084613817025438,0.30386470863226267,0.30364450241484614,163.9211104740174,280.77898345114795,325.37816513428044,305.050983048412,0.04229993637737771,0.03860292217271152,0.03816673364164788,0.03844020307035648,0.2056694833400855,0.19647626363688697,0.19536308157287005,0.19606173280463599,fullyfermented
16,7.189688910733183,9.764482572403,10.337282910099795,9.976556493246745,0.9091793127844885,0.8369851445269032,0.8170150150001281,0.83096964730149,0.34228885389209895,0.3118281418499629,0.30706787690604226,0.3087919882690037,183.94666065969415,328.8437030901593,369.0398195782419,340.9785381503947,0.051261266600966804,0.047072986700292,0.04642973839470043,0.04709504763556803,0.2264095108447673,0.21696309985869025,0.21547560974435234,0.21701393419678847,fullyfermented
17,7.599866207951533,9.141878409550186,9.483399007589618,9.688765423060385,0.8718465963385277,0.8228222774112323,0.8087839648755935,0.8069561866824068,0.3663341592210954,0.34444711201316264,0.34330416785420165,0.3386626251786284,213.0666821392323,293.42951616451643,316.9440355006037,319.7058406253988,0.06651104010985491,0.06319454099214333,0.06374185213198828,0.06309432614161095,0.257897344131061,0.25138524418140246,0.2524714877604762,0.25118583985091786,fullyfermented
18,5.773151940440365,7.703923040312108,8.179117410975595,7.736782850658808,0.8721546227367867,0.7740967417230834,0.7539206203856745,0.7806787876692534,0.40863567879769214,0.38054807269900837,0.37431199475997057,0.37873124429490546,146.65352182541065,258.811614432745,282.34718421631294,251.270731885969,0.07676000122151115,0.07190349594258541,0.07138891122518755,0.07179959247395613,0.2770559532323952,0.2681482723095292,0.26718703416368755,0.26795445970156223,fullyfermented
19,6.276037115917277,7.795907626406472,7.935591341944516,7.814630395783675,0.8690826394224338,0.8174798441933168,0.8096812905332632,0.8142326150686924,0.371653524071363,0.34772787931808696,0.3475119356647971,0.34776899159833313,161.83311262197324,224.75676417827302,234.6661353437123,228.7554278182943,0.05855341526786179,0.05582373058406177,0.056673267859121336,0.05574125946122591,0.24197812973048163,0.2362704606675616,0.23806147915847564,0.23609586921677794,fullyfermented
20,11.665042048930454,13.084790209791949,13.633756567426058,14.16459195255178,0.8272342328890746,0.782162871090006,0.7588522250527904,0.743331364972533,0.1951032208205187,0.17961755519943848,0.17607858539947208,0.17427026533854714,360.43472404253987,450.4367105408292,498.1364200233712,530.731268077543,0.007632639308451751,0.006487126068102947,0.0061919668414938435,0.00632843423635765,0.08736497758513849,0.08054269717425006,0.07868905159864263,0.07955145653196835,fullyfermented
21,5.908639143731558,8.004221890676494,8.618391528022023,8.297919031232505,0.9174131878783538,0.8482012334155045,0.8235701330255749,0.8395521880748114,0.42625641782815554,0.3962521061298063,0.39142216305523875,0.39426547822463665,149.83116717636548,274.7223277377691,319.36885215998507,290.3751945045174,0.10073610520767684,0.09543225761800972,0.09495907730668242,0.09552141053883789,0.3173895165371359,0.3089211187633661,0.3081543076231167,0.3090653823041945,fullyfermented
22,6.3495544815791805,8.979693735585334,9.546501021599994,8.96424779409241,0.8993745700993907,0.7997887168237652,0.7705626325008644,0.7981923731059716,0.38140703933394754,0.3508503804484125,0.34716458641648784,0.3511529221873866,163.49680764891482,324.8111521986412,372.39978291011545,327.4009674880698,0.06357542100350419,0.059032988095314966,0.057973879910675874,0.05884347830348844,0.2521416685189185,0.24296705146030595,0.24077765658523193,0.2425767472440185,fullyfermented
23,6.133969528178805,8.988448724052377,9.294959500876283,8.362624940506057,0.926724097619436,0.8487409796470827,0.8353948224745278,0.8626408602554653,0.42753425392270294,0.396110891562208,0.39357883800147264,0.40035206198449974,146.4648773117914,301.9593554351916,328.4598702933661,274.21093435365435,0.10455090619788997,0.09900259302053824,0.09833302643697915,0.09917625422078807,0.3233433255811692,0.31464677500419136,0.31358097269601537,0.3149226162421303,fullyfermented
24,7.574413863405402,9.781152747777515,10.243879524227086,10.14305916596679,0.9025657944506903,0.8340885953414688,0.8146127740606468,0.823025453665699,0.3416654323391965,0.3179242457088418,0.31437001555889427,0.31485078166131014,190.81628167323396,324.06118423467166,362.3944331947068,345.6699145096333,0.05016704955763862,0.046194227662644985,0.045536491232144996,0.0460068305395129,0.22398002044298196,0.21492842451068445,0.21339280970113542,0.2144920290815323,fullyfermented
25,6.129892056211572,7.696289312783262,7.760544366608965,8.009381979279086,0.9221283002661709,0.8777618977535724,0.8709384052330059,0.8704624250008002,0.479551071014163,0.4601209826882424,0.4633086301741416,0.4598348788864101,203.06965832971161,318.7400962912229,336.8757160318453,337.7737249662186,0.15430862212915328,0.1486172953090323,0.14895898055073328,0.1484660271067424,0.3928213615998413,0.38550913777630785,0.385952044366568,0.38531289506937394,fullyfermented
26,7.205971494102633,9.64106149086678,10.013175897548699,9.387857888186648,0.9106565670227768,0.8419177579311864,0.8246243746642219,0.8436412042185082,0.3623450248658992,0.3363950571103429,0.3343839810910471,0.3387417804919761,179.40280508229037,316.0806049317681,350.66853199797197,312.634626826102,0.06777298657570255,0.06333329484655847,0.06272681682583409,0.06325183771243283,0.260332453942459,0.25166107137687876,0.25045322282980126,0.2514991803414731,fullyfermented
27,8.647680937819466,10.389354428296052,10.948532362814676,10.905852982098445,0.8824235113946114,0.8361276949500512,0.8164630480359137,0.8187802298760787,0.37678681987847684,0.35706980795323867,0.3536576565790707,0.3548348434549535,266.12499089852025,370.0381663494236,415.08484292910526,409.21027761513,0.08325497995082679,0.07892121331383917,0.0783281196953219,0.07855314527952478,0.2885393906398688,0.2809291962645377,0.2798716128786946,0.28027334029394374,fullyfermented
28,8.436965286880106,10.05597609197262,10.454903677758951,10.64796983121773,0.8628743816065865,0.81649786239919,0.8032826255307316,0.7974292486832449,0.36652971994581524,0.3445186045885745,0.3414132146110703,0.341030490276844,251.5406950815695,336.0598112620932,360.57000693230094,370.9814465639695,0.07122240939181035,0.06645372093289602,0.0657894481406067,0.0664919142833869,0.26687526935220196,0.2577861922851882,0.256494538227633,0.257860261155896,fullyfermented
29,4.941140599971388,7.233144473329073,7.863187755400368,7.322479222349703,0.9100257660898027,0.8104253482470782,0.7806637873238743,0.8061737762104045,0.47215743560698015,0.44075121776759174,0.43496106980460075,0.44018857731816846,116.94754805593189,246.43069234435404,285.2313512478272,251.95736920152626,0.12510116751298425,0.11904349607143037,0.1180599344099321,0.11882104748749425,0.3536964341253446,0.3450268048593187,0.34359850757815014,0.3447042899174512,fullyfermented
30,7.458538117082498,9.887823563872802,10.102848620841112,9.908852927179572,0.8852613347195257,0.8010420080707185,0.7878496917697991,0.799292994908284,0.3621493194963967,0.33212056703061094,0.33132249830744226,0.3323802358762682,212.75971585119302,368.5825888771654,393.85646982634734,371.8227492403583,0.06042780761991568,0.05567217377220086,0.05481705864078914,0.055709652148003275,0.24582068183925387,0.23594951530401764,0.23413043083031548,0.2360289222701389,fullyfermented
31,7.3580393548864045,9.476634295025981,10.07755035026344,9.804802200419127,0.8847499433295277,0.8163792066241256,0.7943018743586301,0.8051648781313335,0.3758876914332304,0.35081305761207476,0.3451467741473416,0.34770291730181896,195.0502994393624,310.151747794141,347.2498586179383,329.09373970276016,0.07223523678335433,0.06753378126283932,0.06677588978649653,0.06750245489853848,0.26876613771707614,0.259872625073976,0.25841031284857136,0.2598123455468167,fullyfermented
32,6.612146406728376,7.947508970089004,8.183842308815658,8.132196664593852,0.891044484550326,0.8395941610969451,0.823676496923584,0.8312352664739974,0.4186304602483797,0.40086519019449923,0.39968369179909546,0.3994361261109732,169.12135257391637,248.8299504815052,273.9169175058615,261.7967062388486,0.10337959212394224,0.09827030303221142,0.09773818081547918,0.09809503577145572,0.321526969512578,0.3134809452458178,0.3126310618212451,0.3132012703860821,fullyfermented
33,7.709982980195873,9.646333705563164,10.325370329831209,10.302532219091653,0.8754527578030296,0.8154440943482284,0.7901802824803913,0.7939014941049277,0.3465787572901156,0.3212087593340483,0.31584960453480176,0.3167166335366011,221.32250482381335,327.0909846044532,371.84719789844524,365.27123302096743,0.04994665870521897,0.04596128045279231,0.04557231030748093,0.04611025617321092,0.22348749116050987,0.2143858214826538,0.21347672076243096,0.21473298808802274,fullyfermented
34,12.207882809087803,14.974840277525297,15.690008391711041,15.43432843334858,0.8618842412820181,0.8080756518708995,0.7883875592054107,0.7926573171112684,0.27973244199524133,0.25508965199107747,0.25170167146272937,0.2547151491953207,492.2121332095808,678.7952783473966,747.3384641345924,733.3266233113343,0.03609484290481899,0.03270873748051761,0.031858462661606676,0.032378714602674816,0.18998642821217254,0.18085557077546052,0.17848939089370738,0.17994086418230523,fullyfermented
35,9.56765144895989,12.050623787209801,12.636187427029528,12.48943497602124,0.8961520886328886,0.8469183753949762,0.8313624965071075,0.8336050286569341,0.40147063648302306,0.3782820806147512,0.3738941671341506,0.3754662638303554,331.23918286736875,487.64026974343324,537.183085230635,530.0498274632106,0.10673556225129244,0.10164659193916761,0.10049309369329704,0.10097286807152926,0.32670408973762854,0.31882062658988614,0.3170064568637318,0.3177622823299349,fullyfermented
36,5.865818861948764,7.628661260206941,8.016350153240445,7.742302200418612,0.8696037590681235,0.7786854818324674,0.7501145535783209,0.7687110956237696,0.3798258860193874,0.35344104988075453,0.3488300879853727,0.35211814666647484,120.76505615626196,204.6897265038957,231.0666365659795,213.91485281737366,0.05893713704779125,0.0546373868502118,0.05392505589856297,0.0545808271806788,0.24276972020371743,0.23374641569489746,0.2322176907527998,0.2336253992627488,fullyfermented
37,9.126972750109804,11.653834712410125,12.040832056334697,11.414672042619209,0.8407619474339486,0.7554041302935612,0.742033674416052,0.7691474633390514,0.27271505564187354,0.24254502291422753,0.2377609725175057,0.2418009080826531,268.34175904690903,408.13518059173384,429.96735898281287,385.20291390553456,0.024240106096615012,0.021164833779979058,0.020704430012569643,0.021288010849230786,0.15569234437381632,0.1454813863694564,0.14389034023369895,0.14590411525803781,fullyfermented
38,6.70562336173066,8.384963204336788,9.015506421483627,8.840135649692492,0.853242084258577,0.7650215325161842,0.7253140274133206,0.7423528655115212,0.36419630256829155,0.33831579511024146,0.33391639706314047,0.33586401972582675,174.08704902069303,278.0034370080782,325.27547157766725,304.82277669980533,0.053020422629833364,0.04891130609953609,0.04824115086275551,0.048717155279324166,0.23026163951000037,0.22115900637219388,0.21963868252827304,0.22071963048021842,fullyfermented
39,5.864071373963017,7.877189891262011,8.475773496789852,8.15959662065846,0.8830760158391139,0.7835337242998368,0.7449027766124496,0.7689751879036395,0.3181222094675296,0.28579808337723944,0.2803639187582041,0.28324078939284303,125.5767051660218,230.6079087797443,271.4404553415264,246.11754704724441,0.026133420869773005,0.023647894477163617,0.023278289754082346,0.023609283506118788,0.16165834611851318,0.15377871919470398,0.15257224437649972,0.15365312722531485,fullyfermented
40,8.115263670453599,11.313124702524618,11.924511091652766,11.177841137921632,0.8856865435229211,0.7823482082214127,0.7566167944121713,0.7783996225682396,0.2975891151149745,0.2609985395409759,0.2568987099698448,0.2649203387029708,212.07459816879586,401.65651887386184,448.7153978765557,408.9432733497524,0.030747343242459688,0.02722001432912806,0.026337445424846794,0.026982865989116336,0.1753492037120776,0.16498489121470505,0.16228815552851292,0.1642646218426729,fullyfermented
41,7.906971293869986,11.093606982025229,11.297230735552555,10.725412349432768,0.8970746625301992,0.7989755858459339,0.7865120293431592,0.8078364366726066,0.3634750651896227,0.3309556615744411,0.3296810086383581,0.3342272355804896,205.9175335845518,401.1542786402792,425.7551125584069,383.4720073775121,0.07117105228957643,0.06601788618948103,0.06493601304517509,0.06616138803860673,0.26677903270230297,0.2569394601642204,0.25482545603839324,0.2572185608361238,fullyfermented
42,6.358726518130948,8.33195273313262,8.713208734677055,8.300365210707625,0.8947039973839486,0.8354166104078128,0.8213660715401242,0.8337613761982713,0.4764478247516043,0.45396823936301206,0.4517244913130655,0.45488221505059045,194.72800622544648,304.8445474683129,331.96054983949483,307.9104043862732,0.14920890553593136,0.1434042464658726,0.14291062743234814,0.1433134479690982,0.38627568592383776,0.3786875314370313,0.378035219830571,0.3785676266786401,partialfermented
43,7.683012960536584,9.851201808664296,10.099674365149378,9.836863398383484,0.8562411226131597,0.7627766341927595,0.7477993129829931,0.763963601371273,0.23717548129359142,0.20762830920391717,0.20477933718191713,0.20565732706751247,168.26403906365024,275.2639768608838,293.3176171191009,273.8866702669519,0.008961431670807738,0.0076229203800259665,0.007454354468639749,0.007626034014852854,0.0946648386192452,0.08730933730149351,0.08633860358286871,0.08732716653397643,partialfermented
44,8.429941204311088,10.18870592758236,10.91639530429186,10.762645077437938,0.8450657909931047,0.7897468515520039,0.7582415383288231,0.7638941605286402,0.31119617982760506,0.2874702217590803,0.28186057441748513,0.2835267929744876,233.1963648609481,315.2537848278004,362.9742570600127,354.017336067146,0.04135140419241306,0.039131582288098016,0.0390840207879057,0.03889245771800734,0.20335044674751285,0.19781704246120457,0.1976967900293419,0.19721170786240694,partialfermented
45,5.5074882590653225,6.907640134735142,7.280807610916797,7.143951598140952,0.8670403671204516,0.7947857335424551,0.7709679742082911,0.7786312065452018,0.3491413551570173,0.32215284523055826,0.3172188158855367,0.32113797366600705,99.6334803225613,153.01180756418398,170.64560529773095,165.0569417493703,0.0402395081883475,0.03752701885742967,0.037182007860659505,0.037333823055164805,0.20059787682911176,0.19371891713880107,0.19282636713027476,0.19321962388733915,partialfermented
46,4.2798529197615505,5.795463698606344,6.281135982195595,6.101952367005988,0.9279251382518334,0.8645875874831932,0.8342753932583343,0.8481527246753574,0.48398238664780774,0.4591464793770173,0.4575524779637496,0.45718768192336456,110.03687927771576,206.61347160697449,253.64627116172733,231.68993244980197,0.12803689375383928,0.12248729479656008,0.12168983496662225,0.12216246767389552,0.3578224332735991,0.3499818492387285,0.34884070141917534,0.34951747835250746,partialfermented
47,6.207739460463673,7.132894592320185,7.2016290863987775,7.420381320251934,0.8756493928026275,0.8361668177943156,0.8254161586309399,0.8204955294628372,0.466091000026735,0.45230110370135806,0.45430362440994354,0.4507572668401648,163.665144440819,215.57203987117333,229.77423106394434,236.19235345811282,0.14465908905811445,0.13985882714021045,0.1406963235388814,0.13983601054712402,0.38034075387488314,0.3739770409265928,0.3750950859967128,0.373946534342978,partialfermented
48,9.60039181957238,12.577417347052812,12.800532691185865,12.253684143084058,0.8733003128573074,0.7925987575879778,0.7807938890483029,0.7988527693411533,0.2827678790891052,0.25422540737401933,0.25332835250896973,0.25727842011918356,270.5437258810404,440.27900175747084,465.2208160026534,427.00275509837013,0.0317478909153502,0.029496377710208244,0.029047334163134736,0.029409311962727707,0.17817937847952608,0.1717450951561885,0.17043278488346875,0.17149143407974554,partialfermented
49,6.767129022863404,8.73205067184272,9.139963696731428,8.75839343902312,0.8940701224393006,0.8317956816369173,0.8178757223501488,0.8289156212419747,0.3495394223251407,0.3249474200584223,0.3187155332028965,0.3233196017583488,154.43758646425874,244.88098616047586,265.7403221687234,249.07393457331972,0.052396491258660596,0.05035583130407764,0.050295209913527594,0.050379979048776294,0.22890279871303582,0.22440105014031828,0.2242659356958332,0.22445484857488887,partialfermented
50,5.377034185234269,7.601199520376593,8.006745293345679,7.65860350382758,0.9271061430778055,0.8433759107419343,0.8275336269349685,0.8460145058840047,0.448855233755962,0.4185283615816774,0.4140070427632217,0.41708513732076075,117.30998798603402,252.0077138176535,277.48479914625625,247.76222174427625,0.1131074411713164,0.106975018625177,0.10575848391495969,0.10703573245299403,0.336314497414721,0.32707035730126477,0.3252052950290934,0.32716315876484936,partialfermented
51,7.396775338576505,8.637688554902335,8.810297176007802,9.025365668364865,0.8842017327189987,0.8458989499383388,0.8384998612802014,0.8326707371042437,0.34587667202246875,0.3251733447679383,0.3243352203929264,0.3227087409170536,203.8161952089873,269.7169044960773,283.2700260872979,292.86971634391995,0.051927126066825584,0.04815464157883502,0.048033716743979125,0.04802773472400867,0.22787524232971335,0.21944165871327856,0.21916595708270736,0.2191523094197473,partialfermented
52,6.8649451179560925,9.077863563140394,9.719849131641242,9.345908999379482,0.8891422100875221,0.7981363369720949,0.770596055196692,0.794810224729745,0.32864307040940355,0.3018436839477121,0.2965406171866354,0.298262206184848,180.2504755533855,326.6068058251334,371.55294986867943,331.98831371514336,0.03969786474888823,0.03626519110937556,0.03580779644339742,0.03621871176448979,0.19924323012059464,0.19043421727561347,0.18922948090452876,0.1903121429769782,partialfermented
53,8.829849734237007,11.202431076778936,11.706169275395105,11.24998627027651,0.8407591630820569,0.7351680285032755,0.7130967146990962,0.7445926293063475,0.2743442416539716,0.24727079304606622,0.2439213745919748,0.2480077641831066,235.6148404507247,387.2182202614879,420.0783918016969,373.4382482701275,0.027990914888751328,0.025055652570704773,0.02467367103822716,0.02516629406952225,0.1673048561421674,0.15828977405601655,0.1570785505351611,0.15863887943856086,partialfermented
54,8.084855559196958,10.951488302275841,11.366863689435004,10.946774429761046,0.8908830747492612,0.803207757844947,0.7846220661128995,0.8024847587996642,0.34494161637468157,0.31532149582131597,0.313189809659763,0.31636107475525654,214.82690539902828,385.9018416139578,422.4118003867886,387.31961428631496,0.06052708145149432,0.05601829907981124,0.055236836603155884,0.05599344489814949,0.246022522244396,0.23668185202886013,0.23502518291271657,0.2366293407381035,partialfermented
55,7.318249872579754,9.397530479993002,9.84933459209065,9.603709771905224,0.8846576414601335,0.8095471607701162,0.7910742755389272,0.8043196885920777,0.37490479831261686,0.3487791754433326,0.34351570113641366,0.347384073750525,189.1484340869532,311.37295884749335,341.4540667870972,319.91939735662754,0.07037372450035013,0.06673376284508777,0.06616442827888805,0.06669306023940257,0.2652804638497719,0.2583287882623378,0.25722447060668246,0.25824999562323825,partialfermented
56,5.906136231251496,7.429021894337667,8.00188357413984,7.880084575112591,0.8913437481820599,0.8221428150127762,0.7888132495844833,0.7984054107557317,0.42405112825047614,0.40355610619752413,0.3999676352278519,0.40075172511832097,151.67432557886778,248.1816076594141,294.9275394045849,281.30474041671897,0.09261235530237395,0.08746701170641685,0.08642092391285211,0.08713084123385627,0.30432278143835034,0.29574822350509034,0.2939743592779005,0.29517933741008406,partialfermented
57,7.6000186580755855,9.895125489695396,10.446826656451412,10.17301513931272,0.8897838503354968,0.8080351068566063,0.7837411027914559,0.7981970488750982,0.3435009541993724,0.3154411604663644,0.3114659280534978,0.31412734926719277,187.94184824160675,325.50683053863065,366.64422796266336,342.18881347716075,0.05714265050884149,0.05283647299301761,0.051999263904026316,0.052753112027967085,0.23904528966043545,0.22986185632465778,0.228033471016924,0.22968045634743736,partialfermented
58,6.954217179991892,8.693657782010163,9.09233617921856,8.875846666424183,0.881631268469779,0.8105558405034595,0.7883612198159962,0.8016848266440746,0.3926231714703025,0.3703958830211544,0.3683551839678479,0.3705413978370047,168.25492163609897,268.5763876176684,300.49241553563,281.152889649667,0.08755049482758284,0.08243233005554605,0.08188812100233964,0.08246205224962193,0.29588932868149004,0.2871103099081363,0.2861610053839265,0.2871620661745244,partialfermented
59,8.293081949905789,10.052001336361716,10.386064287799936,10.311136180575067,0.8499143747235359,0.7759506456180507,0.7618602407182796,0.7736341612478449,0.24998487536217304,0.22596922096522853,0.222015784598083,0.2221044414927008,202.2457131935457,300.0982659356847,319.37269684035965,303.201032933084,0.014416223598028084,0.01298216184770782,0.012760950028444292,0.013091672835313858,0.12006757929611175,0.113939290184325,0.11296437504117965,0.1144188482519985,partialfermented
60,6.303769386195141,7.8797573499808475,7.990609493578896,7.808875352397288,0.8693454162340143,0.7974968179053323,0.7863800919344771,0.7999531500025936,0.3896560619703751,0.36695359044730647,0.3665001441427037,0.36779551727145576,143.3342093527079,221.58756132614081,233.8671738178735,218.89973867758027,0.07578367535401051,0.07146418459462374,0.07128520978406501,0.07153107625918281,0.2752883494701701,0.26732785974272066,0.2669929021230059,0.26745294213970205,partialfermented
61,7.767286023737521,10.33354766961022,11.246456326621002,10.826948248089392,0.8786336932476942,0.7930735268382524,0.7631075270881058,0.7839034589905661,0.38596759139063835,0.3586167978315615,0.3515643487826193,0.3542077395915495,241.52450806395225,410.7402129939003,469.9111345228078,428.94240608877067,0.08312902485108449,0.07755414729848445,0.07686027825112245,0.07770207175325274,0.28832104475928305,0.2784854525796356,0.2772368630812332,0.2787509134572526,underfermented
62,7.151037115917509,9.39051459012417,9.975349350555609,9.850744151139073,0.884417351608279,0.788975671294192,0.7564277886980887,0.7705942333040522,0.32734913026514906,0.2995942641429133,0.295964137115725,0.2965245376187778,175.87104767367185,318.94044960282514,367.9131868432863,346.7220050892277,0.04520900911092796,0.04130213397640508,0.04054951483730106,0.041186918669693914,0.21262410284567448,0.20322926456690502,0.20136910099938635,0.20294560519926003,underfermented
63,5.631291411825242,7.542337897706092,7.928173343550046,7.494132830522029,0.8558669013160114,0.7541360782909066,0.7246440953480732,0.7496891955642686,0.43662681373286666,0.40546796964746556,0.40292054889015344,0.4088715269088663,138.97985610530012,236.8833064841446,265.58476539698535,241.16775894268866,0.10012442846581232,0.09453558950203735,0.09397400456708545,0.09473186852954915,0.316424443534017,0.307466403859084,0.3065517975270826,0.3077854261162298,underfermented
64,7.2427142493089365,9.273702083258671,9.387405137186953,8.915722366640221,0.848450224549945,0.7660169565863324,0.7599312962477487,0.7791190113264199,0.2923448223935531,0.2583059340651447,0.25683643716492904,0.2634818860754892,165.70601700161467,254.2853448907554,260.54359584794724,240.0464476623305,0.02303805475290302,0.020413611854386476,0.020037889851337143,0.020504472982073373,0.15178291983257872,0.14287621164625858,0.14155525370447097,0.14319383011175227,underfermented
65,6.625259392748638,8.151711181490766,8.347964098074703,8.322888825836015,0.8744317925518512,0.8077817965318149,0.7888706671108678,0.7935113378976493,0.4500526469975329,0.4295290807983642,0.4302999117893279,0.43109702443499515,180.02937054027925,275.5907008568084,303.8294156815893,296.0508114268705,0.13163070795750278,0.12573616573732269,0.12517549464096775,0.12578849905101416,0.3628094650880856,0.35459295782251893,0.35380149044480824,0.3546667436496043,underfermented
66,8.324948576526088,9.855732618168703,10.040836617046839,9.948875077803299,0.8690534309604742,0.8238007970865435,0.8136706474922615,0.821108297191348,0.34443338808541857,0.3250576017937831,0.32528655340110496,0.32537169178119224,239.37841533786627,320.13656042915045,339.20807793346574,325.0285669828046,0.06100198764850865,0.057919598026212354,0.05793183078025364,0.057795895207628796,0.24698580454857857,0.24066490817361047,0.24069032132649962,0.24040776860914623,underfermented
67,5.179265417941473,6.830202193096523,7.27604166666726,7.080902409111004,0.9114126998797735,0.8626173918142984,0.8450292528777046,0.8492583231656314,0.5366490238350028,0.51354850253456,0.5108667362193446,0.5131740360638647,143.82461182104333,223.38397237585068,251.86823190311563,245.1058035551522,0.20791773264066865,0.20202108383386536,0.20242932497049093,0.2018011949303156,0.4559799695608006,0.44946755593019766,0.44992146533644173,0.44922287890346324,underfermented
68,5.519420325469986,7.178289642296063,7.640032107414315,7.333925237067805,0.9022364733378839,0.8309176028072879,0.8060821959695638,0.8189326347971551,0.3711351978371563,0.34373747917677583,0.33852665093859813,0.3435573003414482,107.1704915720199,184.7085682642281,212.1169001751437,197.8011569582572,0.05444272934555924,0.05096935482729093,0.050160082231701784,0.05084416187637693,0.23332965809249206,0.22576393606440098,0.22396446644881368,0.22548650043046242,underfermented
69,7.2897166703078655,9.285106908799815,9.359644082020766,8.563408450190206,0.8599979571154178,0.780892670171053,0.7696692197336861,0.7989907398453212,0.32808908803307213,0.299202137041466,0.2978361545486596,0.3077968001219778,178.00873971531692,277.3582543111839,291.78341633831883,254.44871032114,0.04192776633154245,0.03817352412317981,0.037849451388254136,0.03838531598017118,0.2047627073750063,0.19538045993184633,0.19454935463335296,0.19592170880270307,underfermented
70,5.768312217854169,8.650699758358584,9.550582859020222,8.780216838137308,0.9075928072966181,0.8169439696065272,0.7793774700817862,0.806134982679371,0.3957122774246244,0.3566246387487022,0.35090600574294345,0.3583925214875907,138.86674038883,274.44621379934506,331.33018644194,290.6515555779832,0.07408141574217708,0.06956173593564727,0.06920877628086984,0.06944025734428451,0.272179014147265,0.2637455894145858,0.2630756094374198,0.26351519376363197,underfermented
71,6.733173602010296,9.045120455462675,9.589070709282801,9.062136162269047,0.9025272311362609,0.8319440119235731,0.8053244910164211,0.8245439983224997,0.3997234171405672,0.37507743385600173,0.3738597361226354,0.3770728903203761,206.01169770279887,354.5741542489656,411.47603801812795,370.18712700919934,0.08535257104469858,0.08050151217098413,0.08019720182253035,0.08038080809058744,0.29215162338193257,0.28372788402091204,0.2831911047729613,0.28351509323241936,underfermented
72,7.383266437309595,9.954666733791804,10.26069943082377,9.800124940506421,0.8908144805588547,0.8034191360929003,0.7870676886179878,0.8091491058518161,0.3739195169511994,0.34557464846497427,0.34414607224775845,0.3472422051068944,213.65901913137043,383.99424038011614,416.2372345665707,372.8015162194558,0.06882764962586187,0.0639065211265638,0.06323939939974144,0.06427915977726979,0.2623502422828343,0.2527973914552201,0.2514744507892232,0.2535333504241006,underfermented
73,6.8943429627208905,9.13363370922439,10.236837784589031,9.976130871747703,0.9012342209756016,0.8270286150771365,0.785885742590733,0.7996302403342344,0.3508440413877158,0.3233203057274877,0.3153090117362855,0.31819797288326596,164.4957973824223,287.3711991542991,355.96233307794853,332.8903109325795,0.05349830663884503,0.05090267923701234,0.05062422498875168,0.050838351211445046,0.23129700957609683,0.22561622113006932,0.22499827774619005,0.22547361533324703,underfermented
74,7.557419087666084,10.174248526344282,10.654245566988235,10.07211767290455,0.8879158624440808,0.8116095968910856,0.7922164504211053,0.8062739840183419,0.2872545795071458,0.25410113702030646,0.25044189640626346,0.2578399067506679,163.94542968182046,274.61159063453516,302.980678542773,282.3891690770377,0.025932881904037287,0.02425025429347579,0.023815455721981654,0.02406855987668093,0.16103689609538954,0.15572493150897768,0.15432257035826502,0.15514045209641789,underfermented
75,5.611381880734625,7.65430152308577,7.915138828080033,7.43094176765792,0.8963105523989353,0.8236236772566512,0.8149437089062981,0.834877054667423,0.3913419183320531,0.3589495245705761,0.3549101540805236,0.3590793958554244,143.6813724151901,243.99073472344352,256.56498558817145,228.42334007620312,0.06439546079514334,0.06022667172557968,0.05986294325469434,0.06005491918932858,0.2537626071649315,0.2454112298277723,0.2446690484198897,0.24506105196323746,underfermented
76,5.785404834717298,8.24116034489221,8.37040280210216,7.70218165342637,0.8937968956182107,0.7997869647500346,0.7894845058827195,0.8154237958384895,0.4524024146371083,0.4186670836044737,0.4185884146353046,0.42632269534924777,135.61435124509782,255.4135782411766,268.59044348367024,235.46553152349003,0.12401269924118889,0.11795482451248818,0.11716591553001836,0.11807044577074417,0.35215436848233034,0.34344551898734704,0.3422950708526466,0.3436138032308134,underfermented
77,5.504077471967943,6.943822538719315,7.152268498249519,7.105101050783242,0.866911017938765,0.796225338889273,0.7783262438543486,0.7842391668451446,0.4753504770162706,0.45431220756571244,0.4543810819959821,0.4531267428311958,146.1960827144451,223.94359371000485,243.5969972271144,237.1161168674811,0.13882272223234918,0.13340007129781187,0.13369394599947587,0.1331631739134329,0.37258921378959586,0.3652397449591321,0.3656418274752984,0.36491529690249064,underfermented
78,7.497754204893926,9.461600245306684,9.973556990661004,9.52812076667021,0.8523873915588503,0.7791120571424448,0.7512491956960236,0.7750774499133677,0.4019596805146012,0.37916648052248275,0.3769407313713651,0.3787998827044211,233.89986757320187,349.2823357925559,393.48983417254806,355.6621183137115,0.09526569126309885,0.09057279167430667,0.0902020443248695,0.09025681079185223,0.3086514073564202,0.3009531386683094,0.30033655176296725,0.30042771308894295,underfermented
79,6.512064038154217,8.252862647825175,8.723310712201885,8.582339453741968,0.8996887404220802,0.8349706677610799,0.8156285491992462,0.822459119541362,0.4036569384936339,0.37835939093064586,0.37408795080742746,0.37756476004444806,166.46595128879017,272.93353668589003,305.0011036923843,293.62574369354786,0.09201164227403728,0.08667886772625517,0.08557923792571458,0.08639658906694737,0.30333420887535467,0.2944127506176578,0.292539292960304,0.2939329669617673,underfermented
80,7.9491703982824795,10.243409731631575,10.682474095155548,10.122601874567044,0.891658504295305,0.815464189473091,0.799203946932659,0.8222996519683917,0.36514933665613686,0.3422141104064243,0.3401354107649522,0.3430746488883399,219.0293455111587,372.1122862740033,406.0042369016693,358.3287308242099,0.07403121681672113,0.06938217104306761,0.06896726832659263,0.06933739383098139,0.27208678177508205,0.26340495637528843,0.26261619966520083,0.26331994575227563,underfermented
81,4.329906618611174,5.675655823235412,5.885672066550492,5.500624702523759,0.9220599181105075,0.857153471562086,0.8329000821499956,0.8500118971022985,0.4433264316971632,0.42157336966438896,0.42151564653479173,0.4279628568647506,77.31641819572494,140.99322438035793,165.09261894338928,148.0421433932859,0.10551712823669855,0.10182231772352533,0.10133158679812136,0.10170621289924901,0.3248340010477637,0.3190960948108349,0.3183262270032448,0.31891411523990126,underfermented
82,5.575055519150179,6.731096455901305,6.944696803853528,6.907303756454362,0.91929397685264,0.8799241039781349,0.8656015386941208,0.8712868309317341,0.40069710842279754,0.38259684557661744,0.38315085886518874,0.3823332469369875,149.85495394642422,221.85297980818865,248.22046482780894,237.81125974815393,0.07955131698858814,0.0747963561865767,0.07429495978292906,0.0747325964183049,0.28204843021826614,0.27348922499172923,0.27257101787044247,0.2733726328993173,underfermented
83,6.673342616863858,9.081620931426468,9.38963076474122,8.924273697508466,0.8997630541230454,0.819288460262734,0.7991079228260057,0.8189551240502106,0.3335327386085099,0.29910232491731065,0.29738708744177716,0.30409633330807606,159.49667795253774,285.6662326548364,317.5653869308493,286.1931658002274,0.04468620639428056,0.0409398117376108,0.04044008583240897,0.04087881407044823,0.2113911218435641,0.20233588840739747,0.2010972049343525,0.20218509853707872,underfermented
84,9.264161933887548,11.488672976240244,12.188927502919674,11.976000439353015,0.895890736372622,0.8461755427105466,0.826175007414866,0.8309818978657758,0.3416466510165036,0.3212841933285205,0.3163823026193631,0.31855072418089486,268.00097841126217,394.29288708679417,445.14094424989065,433.2382290485035,0.06853184739388449,0.06472223971147507,0.06427696925145873,0.06477321354276636,0.2617858808146163,0.25440565974733165,0.2535290303919035,0.2545058222178156,underfermented
85,7.465295980778028,9.711456083185437,10.332774646089312,10.00315783692897,0.8933350109199397,0.8074526918494326,0.7784094234502793,0.7922476214196479,0.31931674088064865,0.29085425308510326,0.28738164837660396,0.2926005309947405,182.94568224844656,327.3256828250789,376.12926654628075,353.17392816613085,0.0401662403766825,0.03662146968012134,0.035875430674433356,0.03647763871370964,0.20041517002632933,0.19136736837852303,0.18940810614763393,0.19099120061853542,underfermented
86,4.502457404980819,5.887809834146201,6.018242848803904,5.937250576649806,0.9034228617145181,0.8463068616374206,0.8357146925739608,0.8393742895349139,0.5237930759919318,0.5018342122195503,0.5021371024818706,0.5029918016560172,138.51098095967725,220.57791619380416,235.83736044222863,230.52743199214657,0.17014056967065905,0.1642578019859097,0.16468746707226828,0.16433414241144234,0.41248099310229924,0.40528730795068046,0.4058170364490238,0.4053814776373513,underfermented
87,6.893890163099574,9.176896075130927,9.70704265178127,9.408420440817613,0.9227162070345907,0.8614716301563844,0.8407754724341875,0.8520420147627856,0.39230844092353206,0.3660379825561923,0.36391972086917296,0.3659696995828308,175.0506361948603,312.91795802371166,359.8104659223818,334.2182591623653,0.08849514409173027,0.08319898902098725,0.08238434939173443,0.08316242750126877,0.29748133402237237,0.2884423495622431,0.28702673985490346,0.28837896508113897,underfermented
88,9.566543341343298,13.234258869404936,13.49232432136674,12.475513034088317,0.875081150116418,0.7800116648941013,0.7695575661143227,0.7977634298607721,0.21821957003783113,0.1800858719099597,0.17973336943640028,0.18752699187907254,265.2226977756095,460.7507711530084,482.8201711179478,423.5708934390882,0.010571273172236722,0.009070505230943915,0.008855746065260307,0.009054567219746125,0.10281669695257051,0.09523920007509468,0.09410497364783812,0.09515548969842005,underfermented
89,6.283402504733138,7.637743473804955,8.121848547869824,8.233439662433279,0.8809919768009938,0.8172945296894499,0.7890181257501154,0.7911876900310066,0.33975481566518173,0.3186264388206381,0.3152248688950752,0.31313325583185614,148.84166120577595,227.05671520891383,262.24439032401125,259.5009176033821,0.03766764037552662,0.0342024526507698,0.03357452112838162,0.0339269035284369,0.19408153022770255,0.18493905117840798,0.18323351529777956,0.18419257186009674,underfermented
90,8.100287152323386,10.477945483837448,10.929101448483006,10.306662578261307,0.8946622341651412,0.8363818233435324,0.8210072539358033,0.8362852433883852,0.3320087875401917,0.3066411984596804,0.3035607920628244,0.3089779754250314,209.90221576017615,324.15665159453715,354.46766683087674,324.34799362946444,0.053200386865419426,0.05065907001944878,0.050301928529066384,0.0504118500312739,0.23065209052904642,0.22507569842043984,0.22428091432189762,0.22452583377258373,underfermented
91,7.4842817096265035,9.336062497713753,9.758688156743379,9.501995386814144,0.8520743390998008,0.7867309188037894,0.7749374418087184,0.7865199760142723,0.4070347790174917,0.3836005947679584,0.3803059719461571,0.38250021275694224,230.1802825105803,331.66666056463356,350.62004250586193,331.99470947907,0.09591592282496329,0.09130292246714916,0.09130587579889772,0.09119171873273911,0.3097029590187399,0.3021637345333638,0.30216862146638873,0.3019796660915087,underfermented
92,5.650550185671109,7.827032914730711,8.196698956509636,7.618670596420682,0.8889321227493521,0.8028465413770995,0.7862721274525629,0.814252521329192,0.4629534875182277,0.4321758178949103,0.42888496173139856,0.4335556984197864,148.2300199322966,263.39045509469196,286.13563102015723,248.15244572186253,0.12275449297784587,0.11693797701557913,0.11615819000152723,0.11690313321438603,0.35036337276868124,0.3419619525847563,0.3408198791172945,0.34191100189140744,underfermented
93,6.001690603612131,7.548939607514262,8.044494308231695,8.083703273168048,0.8799210350161422,0.80333495581939,0.776625035684328,0.7798514400622181,0.3852806943974334,0.3642744015433096,0.36112649310846084,0.3596686350909366,143.2962105905179,233.85091577275094,265.42816422214133,261.7747478307504,0.06301140888601155,0.059128485975977564,0.05845854534742898,0.05899270511567295,0.25102073397632224,0.2431634963887005,0.24178202031464,0.24288413928388355,underfermented
94,7.957805446338338,9.946387709151406,10.49783822241742,10.231705140411337,0.8911134006997565,0.8343229720201291,0.8136150015090188,0.8270616540437054,0.40527680330266713,0.38544427081986643,0.38270317278128324,0.38283824917974635,271.4219682903978,412.6383109692142,464.3973429291021,430.72348561133344,0.09558748689523558,0.0904497973819515,0.0895718871659608,0.09006414104523867,0.30917226087609406,0.30074872798060426,0.2992856280644976,0.3001068827022111,unfermented
95,8.448232943789563,10.39259464357836,10.92789742046193,10.780711108265411,0.8614857660948567,0.7953750616129401,0.7755884865964822,0.7813446709438218,0.32428544562260997,0.3015567006591759,0.29656511848938577,0.29839952594811264,245.08405917796915,360.23982398498123,396.09025421412514,384.94016356686967,0.047647169844659325,0.04455395300238846,0.04428248664680074,0.04445897586257156,0.21828231683913227,0.21107807323923644,0.21043404345970435,0.2108529721454539,unfermented
96,7.746072702782176,9.704030589830724,10.228509924110275,10.321982663934644,0.8979849769145425,0.847421961310396,0.8309330016964941,0.829964846030804,0.3852716742816104,0.3638675715992681,0.36266725372131314,0.36055888823529536,264.80351681959297,395.1193502179181,437.74492848805335,440.326669077073,0.0816805026509689,0.07809330601098231,0.07841509310660782,0.07782001707064852,0.28579801022919826,0.279451795505025,0.2800269506790513,0.27896239364948194,unfermented
97,10.621209225281426,12.99387883059517,13.748034333042076,13.424488796545353,0.8769579130216852,0.8148573131076371,0.7892694502970872,0.8001561364714465,0.31184350029653696,0.29171863956486427,0.2878589768671061,0.28932859320002435,369.30069080387426,552.0499647604519,627.8027948044646,595.8852583935261,0.049519531857057215,0.045559460194282524,0.04470946119529969,0.04524941185333444,0.22252984486818214,0.2134466214168838,0.21144611889391512,0.21271909141714207,unfermented
98,9.35163644968747,11.311840973164802,11.586861044221264,11.273702083258803,0.8578989495118001,0.802220737009634,0.791551037784596,0.8033319396582576,0.2834381643734381,0.2629932730339168,0.2622157675854943,0.2643643266124082,275.99036151159316,382.7056735804064,403.7809193483848,380.53774759278656,0.030724956883837144,0.029202357792348362,0.029050206705761566,0.02915715821827274,0.1752853584411349,0.17088697373512224,0.170441211876006,0.17075467261036442,unfermented
