,l_kurtosis,l_skew,l_tvar,l_tmean,a_kurtosis,a_skew,a_tvar,a_tmean,b_kurtosis,b_skew,b_tvar,b_tmean,label
0,3.7361923198890645,2.186620679286466,808.7953500373068,12.392595093164152,2.7781491969018113,-2.014930477889068,26.71201740023727,125.68842699759945,3.6470611350044866,2.161185099235147,60.129519760460106,131.3950420810471,fullyfermented
1,7.299340553934506,2.81496920652365,799.3400331860507,10.275012860082304,5.528127907660673,-2.5269284512731653,21.43776786990565,126.25131280006859,7.042791773926458,2.7670599236988815,64.57031025219888,130.9441425897348,fullyfermented
2,14.310798986492639,3.6047944073433644,455.9097301977568,6.814239683356195,9.139201553665803,-3.0252436209214655,14.350975455357858,126.71778549382717,11.777445673361624,3.42248994555081,50.05851162824742,130.2688310899634,fullyfermented
3,4.923661636317416,2.4842913780085665,1224.7819081445198,13.707415266346594,4.999032398445467,-2.4461860717258066,23.450429097210407,126.07363647405121,4.353619040534959,2.3786303681360312,88.542712480494,131.7548225308642,fullyfermented
4,7.116161651019077,2.801366525577082,796.792508287343,10.380990655006858,5.110284756334886,-2.4599492877916354,24.42235905978599,126.086760902492,7.111473499812705,2.7927551518169076,76.50432186778018,131.2273269604481,fullyfermented
5,8.502976916190605,2.9997224478503908,706.4534933255311,9.25417059613626,7.4536626028318675,-2.807521911796817,18.099515029080997,126.47034322130773,7.602095447436252,2.8872461707839268,58.529912873593304,130.69912408550525,fullyfermented
6,6.197691393060964,2.640313727052088,823.0689354854363,10.968942901234568,6.063362734002077,-2.491067291704869,32.508295939242956,125.74145876200275,5.7502353078750765,2.5579708055150125,69.39773223811017,131.2247924525606,fullyfermented
7,9.480484136340651,3.0700316279791586,605.5583402794699,8.732145919067216,6.5126345211768335,-2.6857009940667935,18.59613739531093,126.39717113911752,8.566848052851087,2.948920160185632,51.829023163941045,130.59428405064014,fullyfermented
8,9.30996766926394,3.1379369734909415,726.4230790543487,9.074606338591678,6.564982078822602,-2.7232978991486316,19.890182711521526,126.40641432327389,8.42045924628411,3.026974205041725,67.87126107561143,130.810896061957,fullyfermented
9,8.912154734867215,3.0066492962500115,577.0890586994155,8.535299139803383,8.592021377917138,-2.835854820750876,20.39257368555688,126.33931684385003,9.368695255849802,3.0571235254289317,51.22063846179604,130.53229488168725,fullyfermented
10,7.286110193196572,2.8849163983290964,1053.2729307540935,11.335887488568815,8.535653460175508,-2.9155748316075614,18.561888913461452,126.47106660093736,6.205539735903875,2.7253147415352026,79.24474479635796,131.18403135002285,fullyfermented
11,5.357748616128276,2.512697301199449,1046.5277589291147,12.79472808070416,4.066184161159276,-2.2644553694312606,23.24646778667471,126.01223672553726,5.013259611163939,2.444790628303236,79.47346278066834,131.57284522176496,fullyfermented
12,5.48467496264635,2.5713987806859673,1025.9305724470278,12.287681827274806,4.953212965112441,-2.4257094913649144,25.885731662652063,125.97872013603109,6.567805976879221,2.680565161232293,69.23051290702274,131.18004293838592,fullyfermented
13,6.047836093880235,2.6083747352974442,778.3746933678526,10.600812328532236,6.87331214019042,-2.64073925101464,18.827088244318364,126.35094271547783,7.631726504266357,2.746990399710386,48.12746662706706,130.6224529892547,fullyfermented
14,13.60440018285788,3.579212037412522,487.95085129306284,6.88422889517604,7.750458141459893,-2.9508923916360046,16.240049304681893,126.66686671239141,14.492723845864269,3.6506120439995144,38.07664109181266,129.9186528349337,fullyfermented
15,12.678977689723325,3.5136850331798555,585.399768966176,7.677844221536351,9.418070161943687,-3.0475295955750807,16.78979826105734,126.61234889403292,12.656510864306638,3.4688043473138577,45.03990164632038,130.1574824245542,fullyfermented
16,5.114886806138232,2.4956239443029724,1070.4601857679504,12.870402520576132,5.7230299105829925,-2.4658092283468327,25.693122495167945,125.96210919638774,4.861643720160369,2.441741153801764,82.7256038975343,131.6166891718107,fullyfermented
17,6.0383397023445,2.6157376805171038,960.711941133404,11.981979809670781,5.1223460826899,-2.4275573559884402,25.18924584984976,125.99168202732054,6.307046575499012,2.60038235407957,63.587333140738416,131.12260659579331,fullyfermented
18,7.139632987121697,2.7645005077717992,770.1282381047624,10.378999128372199,5.584998466746384,-2.523032837916331,21.216091424173047,126.21634409293553,7.578171834273437,2.7875753216118624,57.82196516879402,130.85362547153636,fullyfermented
19,6.794050189318948,2.7364501707827347,814.3954401678902,10.621790337791495,4.284565221432774,-2.3748242348815234,27.214397820820274,125.96909114940559,6.0214903636369215,2.6300693008764973,71.35084691606507,131.18594071502056,fullyfermented
20,10.838194153370706,3.2247672954974704,492.4537659650508,7.479661422610882,6.116769754660579,-2.7066902911070096,18.11376676736813,126.49413080132602,12.765939424809632,3.4044078074194526,41.021879111583175,130.13430927069044,fullyfermented
21,7.608694084262886,2.8564475411374186,751.2715799401642,9.918068772862368,6.937288369395583,-2.6567643585072873,21.093973284322022,126.2704475308642,8.373154871156164,2.8985933174640346,55.930413381795034,130.7230867055327,fullyfermented
22,9.581608901877532,3.140917435275611,661.0998238688103,8.72476566072245,8.219226651373027,-2.8717600837855617,14.7855288275804,126.6403803012117,10.719301476911847,3.2121734951383383,47.848400380679195,130.35460069444446,fullyfermented
23,5.641841907515959,2.5624618259042875,840.9601328056975,11.362770418952904,4.303009830138492,-2.297674789790205,29.049982211344226,125.79498349622772,5.642464363626496,2.536841253276267,71.31926181154424,131.33684485025148,fullyfermented
24,3.634241093896299,2.1949635886054186,1252.7817907289661,15.47912201360311,6.042729665318758,-2.32897938903303,34.75669443292175,125.38054769661638,5.225672118424299,2.3402697942751214,69.15937022728184,131.63824588477365,fullyfermented
25,10.149973359080237,3.198357695536435,510.2462814962418,7.436547996684957,7.073660070633265,-2.8271421484668764,18.857275891820844,126.51268504229539,10.758352870062366,3.2665950516752704,46.627290372527376,130.23571101966164,fullyfermented
26,5.4658979186292225,2.5298227734194754,1064.6058461471748,12.822727337677183,5.662570478120436,-2.45780678777982,21.57568891855351,126.1277452703475,5.270984703167407,2.4654401811748166,76.22085524535757,131.48343907178784,fullyfermented
27,12.323395748986556,3.445713441823861,428.5307625078801,6.528143932898948,12.296323582651313,-3.230983712907103,16.902663413050483,126.65543731424326,13.022878961346908,3.5319951769519817,44.10104943604049,130.0730952789209,fullyfermented
28,7.753676270525412,2.919196212240018,966.9575032370609,11.06859960848194,6.765846526731817,-2.7272074661541845,17.29211065937107,126.46835348079561,6.072755502603249,2.674515786187155,64.61061689616456,130.96050525834477,fullyfermented
29,11.013363733459895,3.309304036121514,394.6794336236875,6.377243369913123,8.920867408719529,-3.0153464947598505,15.369828620470194,126.69479631058528,11.829874495638144,3.411272575490447,37.72150307502901,129.95023862597165,fullyfermented
30,7.4648044719432285,2.800903510492659,804.6614667660641,10.513090492112482,6.87666133310085,-2.6517882972277254,18.46609973255187,126.37403013545953,6.412884695694174,2.686851248287533,72.90498304460678,131.19523391060815,fullyfermented
31,10.683421089278779,3.326631735583174,704.8742556075964,8.494714863397348,11.460521169979419,-3.242907956199123,17.735815913633587,126.60818722850938,9.916216361400368,3.221761817037962,58.21220644467975,130.47837720050296,fullyfermented
32,11.372423272373506,3.3604129666647493,465.68886591335354,6.84676140260631,11.352343081103507,-3.181961707449733,16.515534247833042,126.66884573616827,11.628895248827016,3.3726199321409576,40.90872107460225,130.03169474451303,fullyfermented
33,8.51936814385779,2.9475899558406815,647.2430126538503,9.228171796410608,8.946168345679999,-2.8301860644387684,21.7762029312283,126.25340434956561,9.853012891921118,3.051117294252107,51.07306742407267,130.58815229195244,fullyfermented
34,5.659755729670028,2.575110592342033,908.1740043088329,11.911177912094193,6.491097712340295,-2.4390306106508866,21.37880380169749,126.0854052354824,6.32857647251387,2.6573330733304767,87.93355893791909,131.67652606310014,fullyfermented
35,8.208140504962081,2.9306508803283684,618.5826990971918,8.744968492798353,5.767595275546695,-2.6250964614886807,18.149122975881273,126.45627572016461,8.921303872670956,3.0150790881602196,53.407162147057186,130.54994713077275,fullyfermented
36,7.730459171200604,2.8716424113677266,657.9660530899505,9.144281192844078,8.744523257564028,-2.7641472831507423,20.188240028455603,126.34889224679927,8.190869216819223,2.8911379665873067,50.884364843037496,130.55099201246,fullyfermented
37,10.792024381273592,3.2451947164188337,577.65146078867,8.14165202046182,9.570095665865468,-2.900602905269511,18.85719779782212,126.44772733767718,10.106366857262845,3.1581684493881026,53.27839036988923,130.4957097336534,fullyfermented
38,6.411549940672648,2.706047068416516,920.5587546633449,11.365412094192958,4.627076026237506,-2.414942444347328,28.73628726489027,125.89809456447188,5.674601763936792,2.5931728353215893,74.2995648604474,131.28339334705075,fullyfermented
39,7.986967866108733,2.9279392144157823,815.6215614897491,10.064202174782807,6.385368648912616,-2.6609275553620857,19.54944578973411,126.38350372942386,7.139822024554759,2.8178063881331923,69.43667875437454,130.97758773433927,fullyfermented
40,6.771263292245671,2.7513952953701755,944.2966605307693,11.419120799039781,7.5566336658264515,-2.6633269810742624,28.63824197057639,125.9408954189529,6.272900976404623,2.645153165334295,71.58956867659437,131.20306963020118,fullyfermented
41,4.586941570296191,2.3088199698270437,992.548273177085,13.613620613283036,5.0916652123623045,-2.2711295640508538,20.962369258983117,125.99549539894834,4.445194434500628,2.3007406418589285,81.64680233445146,131.9038387345679,fullyfermented
42,8.8362941634749,2.9775142057418056,620.0664338439602,8.907739626200275,6.065557993118974,-2.6007699314907087,21.07067083841883,126.27944601623228,8.314249710358878,2.9084406830762943,51.680943900540186,130.598120641861,fullyfermented
43,6.0592825346113095,2.613751992416062,791.3489281258082,10.821868212734339,4.641701980693635,-2.366961941747488,24.491203494311694,126.02241941015089,5.632863709221182,2.540080500844868,59.07566137846701,130.9909961562643,fullyfermented
44,4.856925130510415,2.3889758784161153,890.0119695513627,12.41364990569273,4.678535450111049,-2.281091379177319,25.500614807426448,125.84142089620485,4.417071356571811,2.3093926280093897,66.04578025296259,131.4254097365112,fullyfermented
45,4.846831661119539,2.4514870225090903,952.2498033152563,12.289923411065386,4.141127238140011,-2.3215526175514545,27.013689241203938,125.88229452446274,5.018064427070723,2.4414094921475353,75.54143604872105,131.49213213020118,fullyfermented
46,5.554490721518706,2.551920131775454,904.5583123619105,11.66783657693187,6.084066817027685,-2.541276127915667,18.101051674759123,126.33291538065843,7.273077562078463,2.7554539846296997,77.38306418813727,131.36004479595337,fullyfermented
47,5.313348417259659,2.483352031458844,1081.2178076321875,13.479695358939185,4.221456189933032,-2.2211750366565637,30.531362088028906,125.61533707704618,5.284718757474941,2.4555687295980713,84.82811957534234,131.81295367512575,fullyfermented
48,3.7795480736958744,2.25463661989669,1305.259031045862,15.152004386716964,12.202214701565802,-2.929829589415771,27.399253578043606,125.87499642775492,3.8960730495249107,2.238394255829965,114.03718532719793,132.5179808956333,fullyfermented
49,7.63238907138407,2.9036981438516913,654.0355702345564,8.77726694673068,7.265420781922051,-2.7881889805328175,20.481444431776207,126.41518775720165,7.65148932918221,2.900334031664508,53.9952493041017,130.52840649291267,fullyfermented
50,13.167168912476996,3.493765476869138,393.0177552211134,6.329391360882488,10.116968970598453,-3.1223090930602755,15.056205458461474,126.71195916209419,13.690469496365925,3.5416956225256593,38.18427210721603,129.96657807498858,fullyfermented
51,9.843330521012366,3.10417645818752,505.53035757691356,7.757639246113397,7.320595620777034,-2.7567308413526828,16.036144540575435,126.5605656292867,9.387253671013188,3.0481883750453913,41.78342812385087,130.24664208962048,fullyfermented
52,17.159926263056335,4.048368519138184,375.97984134350463,5.3014188957476,15.937078653124296,-3.7138770745164713,11.362323012108506,127.03729781092821,18.94169780033096,4.164002658870036,31.832573808705597,129.5391714534751,fullyfermented
53,14.027095242278644,3.6830896765196544,358.19606115626055,5.467951603223594,11.152490000771508,-3.390155760161899,14.493364055865737,126.87087584304984,15.745937632680572,3.8277903316091,30.75310804600344,129.5898776863283,fullyfermented
54,10.063887598382824,3.1546953870694607,646.9143370124913,8.699052640603567,8.189342402842541,-2.8897149406209865,17.64305948675744,126.51930441243712,8.109053914193199,2.9540615078209176,61.62352417282958,130.7305455532693,fullyfermented
55,11.502032626991333,3.358891858584579,513.1423499652794,7.253506158550526,8.463099499220611,-2.989802327755792,15.508813536768747,126.69194387288523,10.914953767652468,3.308001093754927,49.59791352602648,130.26392461133975,fullyfermented
56,7.814115170808623,2.9184489498546746,702.0593710545596,9.424211248285323,8.130145951428212,-2.8444953662155195,20.23065983316817,126.35109274977138,9.26231729754022,3.050188545374264,51.543963065224595,130.53928040695016,fullyfermented
57,7.358624646574281,2.854372303290335,881.1255814861391,10.679432084476451,10.005459417276002,-2.939580154932709,16.2884205456171,126.52624707075903,6.677512629127923,2.7441985832615843,71.40221479313345,131.0913262317101,fullyfermented
58,7.16120749179311,2.7922550699291517,811.6248227527351,10.52012960105167,5.428842574940969,-2.5097633573374094,23.24797432556881,126.14559042066759,6.35691961109228,2.68877468189657,72.72509829135608,131.18683913465935,fullyfermented
59,8.99951544385178,3.0446317293996246,813.9211307708387,10.012292095336077,7.71868230909806,-2.7273371284137062,18.285332655240197,126.42218042695474,7.738974308954276,2.8816545160207614,61.945674154720564,130.8168492083905,fullyfermented
60,5.772409234874619,2.559856288658231,792.1834053421318,11.05559842249657,5.619046588555612,-2.4574550355690845,22.091887473520234,126.11171124828532,4.982967081961819,2.447918490764366,69.95011083596384,131.32943780006858,fullyfermented
61,10.61670978348875,3.3148026261545542,466.8131036523551,6.76220100308642,15.162218521838103,-3.5936183946188014,14.505844056770272,126.82395440386374,9.843977604799349,3.2288127116242733,47.2793622033753,130.1710730309785,fullyfermented
62,10.438376735565065,3.248177634529534,666.201613502469,8.623392489711934,7.584981157282121,-2.8253475762823674,18.418534064795207,126.48358196159123,8.236388037416102,2.997089722808457,54.048753368264514,130.5173432498857,fullyfermented
63,9.15306349345751,3.0953685026656945,696.7066134149071,8.984207104481024,9.468522059102796,-2.9607659121598178,17.94672469589899,126.50555841335162,8.92866520006429,3.0358338022979297,50.978731855531954,130.45836726966164,fullyfermented
64,9.081311511596574,3.0999419995533883,509.9852381673465,7.406498271033379,11.407158598011387,-3.1839412338896556,16.238529766684998,126.6709837248514,10.191082692070644,3.194166247673012,44.13392677487575,130.1689618341335,fullyfermented
65,12.639503324125668,3.5493340533548614,452.2793043456297,6.361796982167353,14.049063203860822,-3.462086890091887,14.681182419215853,126.82347750914495,12.421847419582074,3.514842416928239,44.04356406151909,129.99437014174669,fullyfermented
66,10.164138853105491,3.2304539120599696,647.8580016034136,8.349395933356195,11.304617244037292,-3.1089063693858545,19.99486001505815,126.47529435299496,9.695731161373223,3.125747618627663,52.87365606931023,130.42749414151805,fullyfermented
67,4.9398137331692,2.400619578273688,819.1738530432885,11.938818158436215,3.9521927679266353,-2.223320150169863,22.590496848750597,125.96205918495656,5.635625176150414,2.4833373685562257,70.33590604271103,131.47394940272062,fullyfermented
68,6.9002302069771595,2.7345792702928806,811.2837605010135,10.574909979423868,7.235585119552502,-2.6902526429293085,20.57781212649045,126.29800561556927,6.312053614168269,2.656094575110923,64.73789099469352,131.01648948331047,fullyfermented
69,12.450398481073211,3.5106948089305696,601.6545061245196,7.67927490569273,10.42353690764688,-3.2052141213996395,15.650124650423551,126.70446101966164,11.450926886440756,3.4048834365383813,55.8418287253855,130.36295260345221,fullyfermented
70,9.507452501760968,3.1204690998342435,741.1645606654652,9.408882744627343,7.4015964439174216,-2.791273326010061,20.961548960970557,126.33894354423869,7.744097467167094,2.920783695865104,67.32602517933832,130.8908107567444,fullyfermented
71,8.828028976968035,3.0007105743715132,513.2962019739557,7.8768200588705986,7.423083038809949,-2.768553495009739,19.51442860129162,126.4176222422268,8.065229697851278,2.910408163536298,45.75168554095422,130.37362111339735,fullyfermented
72,7.276489982995571,2.7234614353693045,756.5463411609114,10.70928890889346,4.237583212857265,-2.2943134067978677,22.39539585171299,126.05664330418381,6.0173526080452024,2.5784635693794047,60.88905697304671,131.0824366998171,fullyfermented
73,6.429489592846869,2.670262251114972,876.5338397175684,11.286272576588935,6.000429285764241,-2.5160652395088756,20.29818340530641,126.22829503886602,6.034580206785693,2.58986975439428,64.65738154140223,131.11160943930042,fullyfermented
74,7.392257603596622,2.8349765036520203,899.9687295225165,10.940150605852766,5.407473855918063,-2.521203199651055,21.91837388473308,126.21290044867398,6.690472452502792,2.7293793980779686,72.39990947816572,131.15332790352082,fullyfermented
75,7.292195761874819,2.7668306494699952,807.0357059283535,10.755869198673983,5.885115172546337,-2.538329873438931,19.734634346814136,126.2650927354824,6.461269848774746,2.6664240055876625,66.11556175973305,131.11243998628257,fullyfermented
76,7.8358477095072665,2.8863340529331665,803.6315086328669,10.341531635802468,6.484054642309054,-2.6434773505173377,22.97842150803489,126.17737268518519,7.1885536768743155,2.7854453584445853,58.98205064502619,130.84545931927298,fullyfermented
77,7.0064828750138854,2.7624234408661126,909.1341629769119,11.331134616483768,7.394976355344003,-2.6533630504823282,19.44619069453209,126.29448159579333,6.280603146314174,2.665488788234041,83.2506441280238,131.4695644718793,fullyfermented
78,5.963859131876129,2.6446253432698894,795.775812135065,10.552451274577047,7.006021670720319,-2.6600607428691943,18.23015127643636,126.38352873513946,6.799690145974372,2.7167316396381738,63.618552253296365,130.9808867026749,fullyfermented
79,8.332377333831309,2.9565357032095245,814.7655671833918,10.14520819044353,6.523020372316969,-2.648961542100327,20.993067232977154,126.30097772347965,7.678819088221456,2.868777341803323,62.827719807408606,130.84598979766804,fullyfermented
80,7.749172272070423,2.947745774709787,774.3803138942319,9.398207090192043,23.90523424999962,-3.926224017259322,18.113216129167345,126.61444937414267,7.961088487991578,2.9183553493808336,59.92443098875867,130.64161987025605,fullyfermented
81,9.44577829446586,3.1292628836413208,560.8063529517383,7.77363933184728,11.04732734249645,-3.1111113182878936,16.763407261067076,126.63704025205762,8.681829855779963,3.039734873253602,51.325279136027596,130.37107053040694,fullyfermented
82,7.491621465040456,2.857975451686551,1040.3614777406617,11.63813514517604,5.467840867941849,-2.5287697279901273,22.402184303393103,126.2097800925926,5.432958559254779,2.5763320455350462,71.27775955609683,131.15193651406037,fullyfermented
83,4.807959979437467,2.459668209616193,1283.1218810413077,14.156030306927297,4.497922144590781,-2.332706895586023,25.419535257608118,125.93753750857339,3.865445859045243,2.298693737917609,86.99061473763719,131.78033014689072,fullyfermented
84,5.686538270762487,2.5680451306558125,1016.2393505970733,12.30333361911294,5.211887334632856,-2.4705441929091103,18.539296704680723,126.3205786322588,4.525042109887122,2.4030078939377617,73.30828060593572,131.36860746742113,fullyfermented
85,7.643915280969781,2.8757127007736463,828.9695789003747,10.33166509487883,5.301427800559296,-2.5626469532561043,19.55926081263279,126.3498692558299,6.601970704790979,2.7540218866209134,73.68629743809363,131.1175929498171,fullyfermented
86,16.496387801936997,3.8628551095932893,366.5407874049294,5.657921810699588,8.972668111845326,-3.1166295630927574,13.987910943181,126.82125735882488,17.05440204857648,3.9284156911736265,32.1637881544474,129.66754186671238,fullyfermented
87,6.915423440621792,2.7564134497237314,827.0270650040158,10.761386531207133,8.079321022573346,-2.6701711887428723,26.457636515669147,126.00253093564243,7.7885853260479525,2.811398549584847,65.52761909373704,131.03960905349794,fullyfermented
88,10.184566344389047,3.1549834477584966,548.1862192698555,8.178462219935986,7.492889656819946,-2.7529647020933843,15.582745147102315,126.5486825560128,11.170870166526703,3.2147585557848375,41.08598403804527,130.24645633287608,fullyfermented
89,5.824353621737073,2.6056439419126938,870.4790241407518,11.375212548582534,3.754333792097337,-2.2584229065564374,28.671924158680167,125.82402763488797,6.114925261640991,2.627718076175079,72.83843770948621,131.29466735253772,fullyfermented
90,14.243001455832843,3.606465006766088,434.93033786591815,6.590670724737083,24.534641079735373,-4.0223756920145295,20.32257202869916,126.5522976680384,16.65966479133421,3.762951796888314,41.064597683737226,130.01340663580248,fullyfermented
91,8.924927426275291,3.056899435121885,568.7666761503326,8.138077989254686,7.65556075690534,-2.8452485272900323,18.131206598556066,126.5014824817101,9.02177234243329,3.0410600710585114,41.99449173524706,130.22565157750344,fullyfermented
92,15.500944038920519,3.7740855058407274,500.3094095160862,6.951617512574303,8.773783802606284,-3.031226710754701,17.533786955806082,126.58928469364426,18.020942450551292,3.9841197457317072,40.02671938067632,129.9429441015089,fullyfermented
93,8.316890544829443,2.8875290555795305,605.1255409666934,9.116680241197988,5.3869485360081715,-2.4951392126488465,23.0073522843698,126.14002664894834,8.236025201851946,2.8775033504992638,54.74412984877481,130.74777270518976,fullyfermented
94,8.452302519914726,2.972995550941212,681.9703471509296,9.131651520347509,6.773720111889544,-2.6798639109557105,19.271005224273082,126.40477287665752,7.668745834791011,2.88404468161523,55.78161503944338,130.63281071387746,fullyfermented
95,8.0831651022503,2.967161838759905,785.3852040363887,9.787131701531779,9.465503947562384,-2.887385896980378,18.521168852240674,126.44398541095107,8.223228594059265,2.957810342479241,60.682937213019905,130.74071573502516,fullyfermented
96,14.699023331260786,3.691623073381992,423.29802864791105,6.2430680584133516,12.039832230125693,-3.339937519722676,17.579095526508798,126.67565264917695,13.349526233032972,3.581261639337205,37.02701752431114,129.85992869798812,fullyfermented
97,7.531726098508207,2.863729979812947,604.5621689739544,8.663812442844078,6.9597625829261744,-2.772636251459137,17.42204081576679,126.5119973851166,7.196773629207584,2.8258027554627905,51.31098591066729,130.5352330532693,fullyfermented
98,20.070944896779363,4.204268060450485,363.1368142024652,5.394050783036122,13.878859076496404,-3.562287166663343,15.099637057155784,126.82769990283494,17.544936922564418,4.008136560998087,33.6368916897661,129.66335340935072,fullyfermented
99,10.204011438522341,3.2238669112796123,622.3029961040954,8.320380372656608,10.381669948951753,-3.152804418599622,15.441834467499955,126.66172089334705,9.52592966370799,3.1429370412217144,54.77428441413237,130.49213748856883,fullyfermented
100,4.595437957176928,2.3904519244989304,1025.0146832920825,12.868087705761317,6.054831419240507,-2.4477846059498116,25.686880938577502,125.94274584190673,4.47495463128337,2.3626344180143906,75.88436556670196,131.52354466735252,partialfermented
101,5.285073593815097,2.527286077067601,842.6350036821713,11.061096107681756,8.479297009432132,-2.786793713659534,17.22059430023036,126.44666459476451,6.136003897591889,2.632750159843766,69.93405072912279,131.15988475937357,partialfermented
102,12.132650907999246,3.4765205642591126,463.2520243143041,6.539598336762689,9.748949915418143,-3.1682378794587343,13.014073164389165,126.86878965192044,14.157991180477634,3.6184731013644553,32.48191865833826,129.7265750028578,partialfermented
103,10.476581665717553,3.2993862644043,568.5723259747163,7.4180794895976225,11.161453652596512,-3.2473569615833595,16.47207616188232,126.71808556241426,12.0057020962466,3.4461526471802175,49.10029907459723,130.15775570130316,partialfermented
104,8.307561358755251,2.9960381457185092,730.3935989751797,9.159763303040695,27.428582640486134,-4.174626330532602,21.717441128382667,126.47614811957018,10.484023643387564,3.175204351058425,59.5370862443843,130.5951985453818,partialfermented
105,10.934555153908695,3.3885511414766096,443.8370055182543,6.31414144661637,20.669382217958287,-3.925024321821578,14.731493250220524,126.86874678497942,12.781870109692429,3.52842385044676,37.465939012273815,129.8230452674897,partialfermented
106,19.442739833520033,4.273975874315777,368.02444551754866,4.906968021262003,15.502587507086439,-3.8889573372793635,12.381382775046523,127.06869248685413,20.167442030401247,4.331258615679478,26.075084715125673,129.30325324359853,partialfermented
107,5.979805349674486,2.6076011182171555,859.0691709344437,11.103082490283493,21.88010444967497,-3.7140263985898456,22.744682263973967,126.29128979481024,8.191279168367526,2.828746580398664,61.81282718071894,130.92956425754457,partialfermented
108,9.034820910836705,3.0882859428691822,664.801901633549,8.522464063214448,42.01794056743215,-5.056088842790993,16.486010802326717,126.76911865569274,11.107101865301901,3.2523335157306454,55.484220254689454,130.44633952046183,partialfermented
109,10.903314613072466,3.358593424154462,564.9515147050629,7.259821887860082,43.993761581512544,-5.252164235652587,16.180896052614592,126.86479588191587,14.358991404155471,3.5985005457162598,44.22438169769114,130.01390139174669,partialfermented
110,6.286756097604156,2.6794683831362507,928.2602637883737,11.318360268061271,41.30673406330655,-5.2489159414538005,26.281869232055644,126.3444555184042,9.507781899482945,2.960843794082466,70.42069324533284,131.0810631715821,partialfermented
111,6.780294625557605,2.8067211928603606,1162.488544457023,11.903597608024691,47.98853007857711,-6.245438821132899,37.78970284468698,126.34726151691815,14.4871196663501,3.5676895154022437,81.68552529842019,130.98912072759487,partialfermented
112,7.423190775181837,2.826056349977584,788.3044992465046,10.263210162322817,7.576861340308156,-2.7336711314215703,15.023068131417645,126.54788594535894,11.266035825568009,3.214586333892532,50.20944496299657,130.52112447130773,partialfermented
113,8.069121490630781,2.9625636783193428,817.9247421770181,9.882401691815272,14.00146029447275,-3.298461664351238,17.758385852147246,126.5441386602652,7.792957207818766,2.8998831186631917,61.06211724599286,130.7332086619799,partialfermented
114,10.233988196329985,3.272933014817478,623.0396823443238,7.9903620827617745,28.71697318413022,-4.178746647472968,14.785727391875986,126.77318744284408,12.09328210228065,3.3841429820125484,43.644749245715374,130.121768904321,partialfermented
115,12.103202935542269,3.4682552538355154,447.35101035876875,6.443417423982624,13.984980925400656,-3.5570422959529644,15.086178629248547,126.8138092278235,13.905387798829647,3.6321511840297505,37.102356512408065,129.83657693187016,partialfermented
116,10.855932746981418,3.34614876142705,447.8934309061216,6.548646833561957,10.116061183973981,-3.1640668696056142,16.639620414249396,126.7025212905807,11.967251653131926,3.4485514447099135,40.32474372674097,129.95132637459992,partialfermented
117,7.974525188958792,2.9350092569189914,715.2266931348356,9.22669467306813,8.667951946867507,-2.956940647361229,16.691416869129892,126.59058141860997,7.542916330397828,2.878007417142687,57.03580147406888,130.62527684899405,partialfermented
118,7.1166436280897365,2.826084709076088,771.8709597217148,9.767471850708734,16.841730736732988,-3.409613746975714,20.40737376431313,126.43555491255144,8.206357316427322,2.9230434112606596,60.37227671931888,130.71786765546412,partialfermented
119,8.67219011372148,3.0658805075298443,636.5776735455814,8.25698731138546,15.932355449976608,-3.542183925869266,14.82990802559504,126.76818094135803,9.754244880468192,3.142129947161188,42.305323383759244,130.1273308899177,partialfermented
120,6.613038918088964,2.787503468060948,953.0633804841735,10.807095193187013,30.75204472203155,-4.3512799885721565,19.869405884206714,126.54187742912666,9.530630464751798,3.019116558627259,57.826839377313185,130.6454814671925,partialfermented
121,9.074924044947785,3.1179627064483646,746.249366868346,8.94538930326932,45.184650681755144,-5.649935327015427,26.608136573807894,126.52052969250114,13.772971330636572,3.4938047917307995,59.892721428773626,130.49462734339278,partialfermented
122,7.104979235557602,2.758629105525216,692.0966281337412,9.70513974622771,6.960713370623415,-2.646038359768395,18.718832266981842,126.37175104309557,8.099399524955698,2.8475367154433497,44.749523278307024,130.45868519947416,partialfermented
123,2.689613568314014,1.9895817968726999,1513.4485908958109,17.955114740512116,2.763642982950701,-1.9474963202394444,24.706310172424804,125.67270554698217,3.0082249178571008,2.0014304583059506,86.38514988425939,132.3199409865112,partialfermented
124,7.327005938222198,2.847839610122232,846.2405084975085,10.276486411179699,36.984958109990906,-5.034378651791154,28.965994332556924,126.30182613168725,12.425002724570158,3.289679664508259,62.0601962884306,130.71812485711018,partialfermented
125,5.4798325613663685,2.582394163459908,1086.4231308514675,12.236059313557385,41.54392375054668,-5.301482355431392,26.214413893808022,126.39776413180155,7.7857401215295035,2.792187688792694,83.8912388184394,131.36869855967078,partialfermented
126,9.271494237979574,3.1517252381434973,699.6518081594214,8.534709719364427,34.0759057165997,-4.592765002161152,18.73560575957142,126.6666220136031,12.304294610547188,3.3956450310020774,54.98471837956798,130.3680573416781,partialfermented
127,9.445150724753514,3.189841688775795,677.4996523192046,8.235259130658436,40.76217440401973,-5.026729489582009,15.017104532604922,126.87628064986282,10.561828004794664,3.2525725972359587,54.30288121616851,130.33483189014632,partialfermented
128,10.735925798290289,3.370050962961849,550.0820788766596,7.071727109053498,16.96067295599514,-3.75624944372974,12.517790559344846,126.95124064071788,14.49047907839348,3.693189882741288,35.21815236904916,129.75505651291724,partialfermented
129,11.768182802388672,3.4441518247542486,559.2662535871547,7.24205532693187,9.882545086388054,-3.172336242850158,16.236977273288293,126.72554619627343,11.304779505857987,3.3839227762347077,44.14098130669889,130.04935235196618,partialfermented
130,7.407187283699889,2.8638226600476298,724.6667543042756,9.349806741540924,38.550631583192555,-5.003451663988376,24.12473309073286,126.46455082590306,12.496955046674948,3.3186905798646165,56.95715710327085,130.548986196845,partialfermented
131,4.825130401687858,2.4030659679228266,1027.9510501809873,12.986073602537722,28.286431158052142,-4.23512578273504,31.722557865319203,125.91138153006402,9.221643089648312,2.85099940080538,74.54136153544717,131.39579582475994,partialfermented
132,6.137193822717732,2.6320718366521287,959.7580818586182,11.823547167924097,21.699044032957225,-3.6596934624432302,24.613000605297334,126.16702389117512,9.23178821076731,2.941735929057254,67.09854306678257,131.06475408664838,partialfermented
133,11.923891242017623,3.45453466748349,501.0109239199144,6.906619727366255,19.74527865882828,-3.748238948160414,14.626176877307874,126.80547875228623,14.067230176348168,3.6018887989797514,35.38921070872948,129.82671217706906,partialfermented
134,4.14996493421547,2.287285774845295,1044.0777436241367,13.548548596822132,5.386865912323511,-2.3996750802856917,20.73331728776635,126.11456904435299,3.827370916310909,2.214941619744842,71.76407390687272,131.59797417981252,partialfermented
135,6.512898214924061,2.678527350337597,786.2210662178308,10.478473651120256,21.099527010062513,-3.6174092730608107,23.704728596448106,126.23034014917695,9.36544485264081,2.9246594174885847,55.76327018864298,130.7548475365798,partialfermented
136,6.9261695630637465,2.774070712924783,994.902179208503,11.667777634887974,4.960018450156963,-2.409314990916453,17.365123312404968,126.36608010402378,6.720475378578342,2.694500290444585,57.40137222938713,130.85720307498858,partialfermented
137,8.40565916920034,2.931923966227404,537.9682718526432,8.281532207361682,10.047105755280446,-2.8369999507359474,14.80786614294263,126.58345300354367,10.417965711452144,3.097079849231123,36.792653312983084,130.14603159293551,partialfermented
138,10.777619570685246,3.2672515336826757,460.5211580907716,7.002570230338363,8.58412211789131,-2.962798947309193,13.43814209876355,126.76077031893004,13.551009704757398,3.5038434584625606,30.90139182137489,129.7903127857796,partialfermented
139,5.8545931737209855,2.598113184828375,941.2893045236546,11.635673868312757,28.389923142334194,-4.222720746389389,27.999892893756492,126.12613061556927,9.705002202699585,2.9533982782735575,68.6198650754415,131.0855909922268,partialfermented
140,7.891927312291852,2.924989173341129,617.001679625661,8.641251929012345,35.913068622346955,-4.728813261509149,20.37305375016537,126.53268247027891,13.994987574938069,3.4230787719263116,44.731375321734156,130.2731159979424,partialfermented
141,7.311684631091321,2.814444474335169,803.7263370959457,10.245482896090534,6.26292256971286,-2.6328684913047526,19.019692694960128,126.3869634487883,7.47262753944344,2.8116808444530528,58.88424013160131,130.785663508802,partialfermented
142,8.587778146883375,3.0144308599754983,702.3668610501775,9.131531850137174,5.862944671619655,-2.6489287066510445,15.481204603497716,126.58455146890718,7.541919611123426,2.8616217727608952,47.9883036544103,130.43520661865568,partialfermented
143,8.053313995196698,2.947460619804103,773.0818545442293,9.751896862139917,7.381377953627402,-2.742108221549202,14.852973898045603,126.60481324302698,8.067254743344378,2.921758210714156,55.908911254629515,130.6416895290352,partialfermented
144,7.427748694171106,2.782222325399674,739.9027218360071,10.244064714791952,5.110901472718087,-2.4148846779776405,19.600228112215998,126.25110739597622,8.10461955213226,2.831493955459674,50.55869627507246,130.67986254000914,partialfermented
145,4.298073099978514,2.3177026674280357,1085.3383091809035,13.685731738683128,4.747675347306506,-2.3040280717009853,24.020309313380203,125.93365447816643,4.839221971169879,2.3529545669453027,67.02622725616595,131.41827774919983,partialfermented
146,7.871839565005789,2.827469974414654,676.1519433400497,9.811894504458161,5.838990185502256,-2.4537074146014057,17.006568273407055,126.35956611511203,7.356397583721993,2.746314569389191,51.796184181504515,130.74644740226339,partialfermented
147,9.37945759459206,3.0585305345967173,493.06226943062603,7.8114211819844535,8.155978849161688,-2.8372233094226056,15.775458939011887,126.55578060699588,9.725525528713353,3.0934932219622144,39.38323031698761,130.1979559613626,partialfermented
148,11.989555741499732,3.3832325769313236,483.5726385167469,7.143314900548697,8.210261555775878,-2.9447027347881662,17.31468704939745,126.58552133344764,13.174743069055985,3.5102352522223126,40.2567914608734,130.04033600537267,partialfermented
149,11.11505883791069,3.2824426255085317,544.1112580388609,7.750791252286237,10.760430535402413,-3.131362969532873,13.974451976576265,126.72694473022405,15.652822250104599,3.7166807470896797,37.39185256516233,129.97096121970736,partialfermented
150,9.734559719722032,3.2243546136969456,766.5056725315818,8.778101065957934,48.5702076842488,-5.869118348634372,25.899598093592036,126.59056534350708,13.83064653389778,3.563602995695588,65.24022831176973,130.51753436499772,partialfermented
151,6.584724137809802,2.705641828860643,878.0227742920027,11.277820644718792,11.010215437576042,-2.8932659691595584,16.913142152094146,126.40858982053041,6.7180059274660255,2.7003000575329166,61.149682251215005,130.98810263774578,partialfermented
152,9.217655720708063,3.0362237342962985,546.3605857857151,8.334254972565157,8.005041417457095,-2.763066136870875,15.629731270338995,126.5320394661637,9.650251712022028,3.066180892361047,40.239163573343106,130.26045953360767,partialfermented
153,11.348205843255135,3.2414497834596516,515.422101510914,7.827169424439872,27.407576762783464,-3.9645793934070013,15.046080949006038,126.66217814071788,15.295280718773657,3.558030522887449,40.00015448861755,130.14088398776863,partialfermented
154,8.099222445736629,2.868624626093974,723.2254736856696,9.990855052583449,5.891960142695304,-2.524504841959774,14.695234703526197,126.51702353395062,8.121845171641224,2.8596088091014944,46.74704315550944,130.54247756630087,partialfermented
155,10.591357796413524,3.181710166718328,496.0521639156397,7.626455689871971,6.83769376984832,-2.74295828925075,14.130092776391216,126.6570144604481,9.2609447039941,3.0644050032219114,39.43468128884444,130.16604152377687,partialfermented
156,7.183597316508221,2.8203966574318797,946.3580517010708,11.120993727137632,6.564407205125166,-2.6071244074154025,21.65610421459493,126.24929626771834,7.220799733118021,2.7685744306238376,60.717271372919015,130.8641171553498,partialfermented
157,9.526131609968065,3.1438709314902287,631.5127730771245,8.262409979423868,34.30874246588171,-4.8372421051220265,22.346101436131573,126.58320294638774,15.627300580634937,3.6903458838708585,46.53987300499839,130.15714484739368,partialfermented
158,13.88730371979316,3.711486174829104,435.33489791556804,6.073631115683585,25.90660360460857,-4.2315851939038955,12.111903514365544,126.98280857053041,14.539385091012196,3.750158043619859,38.91964782473755,129.81485410951075,partialfermented
159,7.3032406840781245,2.838957697506392,779.630664533447,10.089465092021033,6.882879793520926,-2.694801708486822,16.22762921940576,126.50612461419753,7.151180722741932,2.8133810057963657,55.87247224006861,130.7081922296525,partialfermented
160,9.19209299416105,3.0608037900915943,596.7153599853442,8.627970321787837,11.284990746249026,-2.929736256185861,14.29590574483674,126.60150891632374,10.740827597260301,3.1955484376582644,43.836196788069095,130.3228666552355,partialfermented
161,9.564823567627368,3.1651784526726403,703.6206838221873,8.885211262574302,8.008450071499135,-2.8623319355247636,14.106151380589678,126.67984646490626,8.970305873206108,3.0569501902266736,42.61055340426176,130.22812714334705,partialfermented
162,7.030691971159522,2.7734978966322315,668.4104547060325,9.442511859853681,15.137162190139481,-3.253489106235773,15.856858967251641,126.56345736168267,8.373768708991344,2.911949965627759,47.522289565335434,130.49218214163238,partialfermented
163,8.737922699938453,2.9879153587764367,524.1153383657944,7.979495313214449,11.349756966638672,-3.022806559417108,13.87969267968104,126.6826435328075,9.356064655367208,3.024646311333114,37.68173298839898,130.14289158950618,partialfermented
164,6.804676685604639,2.689237180837873,667.7961743035527,9.878366840992227,5.997302483279064,-2.4485059146043007,17.667461093863253,126.33560528120714,6.8586238383694695,2.6612042001547347,48.89208452139737,130.69347636602652,partialfermented
165,8.475303866568865,2.9708614563759768,436.53834859355993,7.225312214220393,10.240915727344243,-3.017720244503247,14.524922986784855,126.67007637459992,10.014980810958415,3.104406168180845,31.03311812833604,129.9111368312757,partialfermented
166,7.735220729629903,2.8773523909750587,554.2055525765937,8.4278674411294,8.007979158087318,-2.809474292398834,20.98495493327304,126.32443844307271,12.927393945923086,3.4780644274780403,44.52361627447792,130.25451889003202,partialfermented
167,7.1965118106879356,2.842424950500976,794.0313394269506,9.808307970393233,9.97875845627651,-3.0758391867742114,16.66225647594654,126.60891775262917,7.824524669256817,2.869748435095162,45.94991959213527,130.36905042581162,partialfermented
168,6.45012017174229,2.5751674902124253,716.9828016082477,10.846645304641061,4.499287307348472,-2.253361280419193,25.567887639707106,125.867905521262,6.274344020109748,2.546721985127346,50.08983701909565,130.87682184499315,partialfermented
169,7.520853871128999,2.8384161369543706,598.9198760793347,8.788539166095108,7.921424612861967,-2.819937755700299,22.199660331971263,126.28923754000914,9.755475773674664,3.0965835042574996,48.433146440467475,130.44193137002745,partialfermented
170,7.592646821665625,2.836582257947239,626.0211060018604,9.187053469364427,5.605476149338381,-2.543824122495012,17.708741003053024,126.39594943129859,11.084663362509804,3.253281051787041,51.4009851990714,130.52525220050296,partialfermented
171,8.78736181481174,3.009351924530366,505.7704654327498,7.6862515003429355,9.698081238724601,-2.996227213311454,19.076524079330152,126.4887081332876,11.061378136037064,3.244927935472722,38.248559567843685,130.07334354995427,partialfermented
172,8.473978369239163,2.9773131509862822,773.357706413561,9.725555126886146,6.450417551685211,-2.656818172139721,21.06800440716644,126.32766775262917,9.273219383896334,3.03197357871904,59.67062420385548,130.7075170753315,partialfermented
173,5.5327920066727305,2.5517850075266932,1132.918586131619,13.043986839849108,5.077048227694533,-2.4495714437923697,29.195675481069024,125.8654817529721,6.591424996476512,2.6315129313474963,63.98727312828365,131.11196309156378,partialfermented
174,10.27480752017931,3.195452215079084,521.3488935837493,7.605399091220851,7.965150952319776,-2.858911408775067,14.908193317171932,126.66291045096023,9.247216607714092,3.0493418869419333,29.924612289201093,129.85480252629173,partialfermented
175,7.060534947578562,2.796573305999133,924.1121570854688,11.018202374828531,10.587657690253561,-2.9888299693530564,20.31849383689422,126.36573716849566,9.227023453657038,2.955329042404631,40.841636662481974,130.31053347908093,partialfermented
176,12.917361055928927,3.535646356785546,408.90614577209254,6.139762302812072,11.522612855916341,-3.3660656319829294,14.135987723835418,126.83764681927298,16.66283622750382,3.807790027184853,21.62113513407943,129.39529928269317,partialfermented
177,9.008729524553141,3.0462696337358106,755.063532176243,9.435528120713306,9.511258930903635,-2.9911596896437125,20.469092616006503,126.4196494913123,12.164917789356242,3.3315226918711125,45.75559305763874,130.2854063071559,partialfermented
178,5.248498515758641,2.481289240627292,790.3579646448239,10.950317215363512,8.303179779640537,-2.6417285954315908,23.455318105939405,126.11317051040238,7.241688509047723,2.6689508425249944,51.76990235548909,130.76970986225422,partialfermented
179,7.990018907459929,2.837946986496981,655.2604446417968,9.439377214791952,15.792411680063527,-3.258130857877604,20.66140525293967,126.33362089906264,10.410059417599518,3.063687502736039,50.78880050941215,130.5914226823274,partialfermented
180,6.866605378082678,2.7136533741215967,588.4534101840023,8.996038380201188,15.51893510171606,-3.2502296830954216,24.60179784711821,126.18416888145862,11.938455156434868,3.1453756357068126,40.855644886896386,130.31169088648835,partialfermented
181,8.44947428309747,2.9905332082868608,697.7772976103713,9.131596150548697,6.487706928524826,-2.7061686175763517,19.49602819099116,126.41468407064473,8.88967850182997,2.9716444491712712,42.481007418996654,130.28251457475994,partialfermented
182,7.150720748258427,2.804872805886092,667.6004683755283,9.197995256058528,6.454502639285046,-2.680850874933552,21.223892556657677,126.33303326474623,7.180386984381501,2.804910737831141,51.36328134069851,130.55468571387746,partialfermented
183,7.141572104075717,2.784256798015915,652.5421552525884,9.341388745999085,9.700489324321259,-2.8903083465570063,21.705488497418745,126.27787244227252,10.264652670172635,3.0481427495302063,40.34660523214885,130.29711434042068,partialfermented
184,6.214845454419253,2.609707758245878,751.0344612109193,10.489547610882488,5.115252926572994,-2.454570572230576,22.074858464305255,126.17360039437585,6.9605034540317305,2.6830173456908946,50.445539507628126,130.7079100222908,partialfermented
185,5.547045656894481,2.5508948227756956,769.9856407705597,10.569306913008688,8.692520227477791,-2.7298649499330216,25.81194697096043,126.05891703818016,6.274272362650812,2.6007193435609586,56.08474583100661,130.85448995484683,partialfermented
186,7.356702654926249,2.8510933959483764,696.3315712262622,9.227641318015547,32.741263063219286,-4.574724666208788,24.800869102759297,126.3820230338363,11.166071499937743,3.188509133044576,60.81199095500529,130.675273991198,partialfermented
187,3.5998938103672007,2.1163333877703927,1142.496672759201,15.526840063443073,2.9995343336389793,-1.9276384643092463,35.42220700332727,125.17033714849109,5.201267660535683,2.268545149827512,66.69323559878718,131.73973515374942,partialfermented
188,11.502282466833607,3.314285635032914,492.74775920905137,7.192465420667581,16.807050508521936,-3.4803657737935065,16.590144073767974,126.66987990112025,14.019183581419018,3.5022281633908787,38.15199655438248,129.98301397462276,partialfermented
189,9.094478227152974,3.0065449801469333,553.0132091030453,8.251405678440786,5.442109432045667,-2.5755749359826656,20.119305997146434,126.35961434042066,10.055954537357234,3.0964048264319115,42.34411835067266,130.2724872828075,partialfermented
190,8.151450206475694,2.890697017302065,631.1576704203422,8.99467021033379,7.18228860158948,-2.686073471255206,20.9147282036833,126.31582933241884,9.303457858288757,2.995000448725627,44.07952025051157,130.36516382315958,partialfermented
191,9.281899748546287,2.999450712714401,602.1064155826928,8.839457947530864,9.375611574040345,-2.8287159382521234,19.495143169774206,126.35632787494285,9.886268092038504,2.990031143163393,37.861064554237046,130.24155521262003,partialfermented
192,8.045465560663247,2.8858152014252205,619.387951867369,8.97394761659808,24.645629093570474,-3.8019948551647706,19.173871930868344,126.44763624542753,11.603295185031719,3.2536264967756807,54.43250762138487,130.577555226909,partialfermented
193,9.750311852642144,3.0881433421641877,477.457452747506,7.4874292695473255,11.546649612537433,-2.9924902873404933,18.360324470851964,126.49105688443073,12.076596555106438,3.2680741695594415,40.01785090705286,130.14749442729766,partialfermented
194,6.882928244274012,2.7382106075456267,848.480198455943,10.942117126771834,6.422543703917345,-2.5296159255733355,24.75016242095645,126.05215299211248,8.456478687974705,2.829291514110531,49.714346427568714,130.66614690500685,partialfermented
195,10.147931571956304,3.1791258991561944,544.3055284489848,7.808277606310014,24.114957445456266,-4.044672046706961,22.597557847760147,126.44798632544581,15.353117635005301,3.5967730301350183,43.12106839475539,130.15129350994513,partialfermented
196,8.237711302680948,2.9627277957121043,617.7942553059303,8.589357924668496,11.921196295731214,-3.132341500100041,18.539211956471,126.49773876886145,10.123924950803072,3.1317502953509067,43.606998347077045,130.26311013946045,partialfermented
197,9.941499907680955,3.1315144352361437,563.8480091557727,8.003345407521719,7.063851984584172,-2.779441024711275,18.864231342141515,126.48352659179241,10.981888000452145,3.211730370741726,39.56750235183312,130.11617119627343,partialfermented
198,13.947311219588293,3.6365074559727035,502.0714419957541,6.628047125057156,18.493919371810243,-3.7414389904889642,16.54816191263464,126.78010866769547,15.597305682123242,3.7392631005980155,35.52330780763328,129.7620009573617,partialfermented
199,15.048573016419816,3.8101325458491013,382.9319853910827,5.527597379401006,21.267434730715543,-4.0007296247608926,13.729937061547114,126.94501957590306,16.240920301997985,3.8800036459771627,31.75649845810837,129.59016346593506,partialfermented
200,4.19317176661942,2.2814819639529165,1174.7107872161469,14.50742312528578,7.055854815006828,-2.515896228829979,18.592982430957058,126.1944551611797,11.253360530260366,2.997290068418683,42.57035286478839,130.63786901291724,underfermented
201,4.54652720241051,2.3185457028628758,851.5677014087364,12.283966692386832,24.658601308166787,-3.8261151498773462,24.534752320979592,126.06781371456333,15.013318681509375,3.313123763646844,44.92853365017212,130.64721043381346,underfermented
202,5.581720725601281,2.5762836892484526,1006.2230001723142,12.042340034865113,42.403329368242986,-5.285334652344115,23.317265086519697,126.45907993255601,14.889344443984108,3.4926545196406016,61.0938262307202,130.78413637402835,underfermented
203,7.371051601469583,2.8358860876115632,799.0820606507452,10.146094107224508,46.001694532646866,-5.659189908023172,26.468798569707765,126.42219471593508,22.62540363609924,4.19533339599657,46.37915205285037,130.22754665352082,underfermented
204,6.123245448850675,2.637164616399826,906.9060247807085,11.469907407407407,18.729073471441918,-3.4816676418428494,20.640988019629454,126.32258087562872,14.911316792885852,3.4157447485041335,41.11686548082372,130.33713062985825,underfermented
205,9.00356186531184,3.079762556241941,648.4286626578144,8.562887588591678,18.739465311342414,-3.6694797832636166,17.143987407864234,126.62605738454504,16.825349177831527,3.8060760974689574,34.48396129101032,129.8770522548011,underfermented
206,13.714490977248232,3.7118089086650476,369.3577421054845,5.415818258459076,23.931908432173326,-4.205857008926057,9.978256006375881,127.12861868427069,19.83957771285997,4.16465078432215,26.001417324990474,129.40570166037952,underfermented
207,8.464302079071855,2.978611424111766,466.173202250864,7.400068229881116,15.694595092808449,-3.3968287225993947,17.10751890768127,126.59915302069044,12.212953232757542,3.285607337684688,32.64107682568329,129.92256980166894,underfermented
208,7.303171213958185,2.8340758091050247,641.9983743967766,8.977275162894376,35.44146774580994,-4.6502084000900075,18.339373027864934,126.60783893461362,14.88257975910604,3.6392232502709447,49.596215159438884,130.31954625342937,underfermented
209,5.711207958153592,2.5736673652103854,908.3054991239172,11.670501471764975,10.017032105730355,-2.8908655096690947,23.583879258893266,126.12976001657522,8.023423278241271,2.7501057775602216,46.83963649016134,130.64575295781893,underfermented
210,9.31183794858869,3.0373290292897854,464.1420265844128,7.5236607653177865,12.92628821536652,-3.295754012768714,17.80943943634636,126.53395061728395,13.785118475229915,3.451640235191283,30.63015900052672,129.88279285265205,underfermented
211,7.997187999165817,2.965864594259286,838.9575732965569,9.888076203132144,64.13815898157627,-6.744546821959069,21.176621381938496,126.73117962677183,32.90833880002618,4.961034335169448,37.02466513713733,129.83749678497944,underfermented
212,8.291256703062496,2.900318103804441,745.8209191626877,9.98166723822588,24.239479315207912,-3.795506674691043,16.217189475159547,126.56473086705533,19.756677847379905,3.777594279338994,34.63973217031153,130.06299118369913,underfermented
213,9.705058131718133,3.2043405832872414,679.9679154651095,8.435694230109739,18.532152159107316,-3.6668030165145016,11.870578879618488,126.89572080761317,17.731251248037925,3.8818460855190806,33.0490612901364,129.79155949931413,underfermented
214,6.947715075572361,2.7630424232748307,821.468775912576,10.423541452331962,41.2196044162868,-4.963209414282796,13.988559014292896,126.8069130086877,22.1901840342146,4.133323966019721,33.10763261118361,129.88984446444903,underfermented
215,9.881751540152706,3.177982559587345,543.5094776535442,7.672321530635574,15.808639809831977,-3.4694042043547957,18.001176304663073,126.60425597279378,17.022155678602,3.757755455462785,36.16933884213662,129.91159050640147,underfermented
216,11.73779814202296,3.458063326552876,562.0510151242555,7.193265603566529,23.171478323908197,-4.016921857013416,14.087333644588888,126.87005779892547,17.150492715389284,3.946902314179494,43.78579416293337,129.9392736196845,underfermented
217,7.138238718613209,2.7816426767701254,774.6564768927504,10.223926183127572,7.397049650911079,-2.667300279412294,22.499586713946723,126.21501164551897,12.257652152205903,3.2946991528064515,45.53795523750977,130.39083933470508,underfermented
218,9.324296652700767,3.068916359597675,750.3355149193823,9.434351065957934,6.245829270915625,-2.693877965910777,22.936203682957462,126.28772290809327,18.283080242350508,3.9534877077894164,42.482231421720684,130.0910815329218,underfermented
219,7.434742730851484,2.802423917622501,645.2702692579844,9.186894504458161,16.34071999534893,-3.4150767826049995,23.582252329723026,126.28995556127114,14.217950507925675,3.3951659785582975,42.135347580398296,130.2551440329218,underfermented
220,11.294354160285344,3.3158594318498444,564.3608139095252,7.821986096822131,6.7444079316995165,-2.794441986849868,17.64068087771683,126.53869634487883,12.83378844785012,3.41500529517449,36.00348177831327,129.97479602480567,underfermented
221,10.294389612119327,3.2129477427857487,532.114117723857,7.535227694901692,20.82219478427829,-3.7824750448579643,16.65689900860204,126.68461183984911,21.437248777040917,3.9954838237597823,30.119375810186437,129.72698938328762,underfermented
222,8.78427325039586,3.025616985662346,549.1202813994286,7.841953160722451,10.986413506479568,-3.180645773822286,20.670399367459627,126.49282335962506,9.55272158783975,3.077484561588952,42.91216755131149,130.1899880687014,underfermented
223,8.060837145536752,2.944584405356485,540.3666920499134,8.018214877686328,18.497184732892155,-3.6800691107352637,14.1466148809176,126.75329539609054,16.91325880636627,3.730292034744852,31.46810473718253,129.83743069844536,underfermented
224,7.816793453616869,2.9296250443419707,593.3032704892096,8.32692651177412,11.221683273027764,-3.181914695344748,18.02827355422854,126.57539401863284,12.209410979262712,3.329395879198403,42.44973625810981,130.1755026148834,underfermented
225,7.4936262738436294,2.8529597016462835,696.422967608243,9.263108353337905,28.143401967555832,-4.223850722580683,19.24937426091185,126.56837634316415,10.982315016564504,3.1697285939394573,54.50312872986969,130.54319915980795,underfermented
226,6.462659147150289,2.6399720002506055,853.9358436172087,11.17088548811157,5.773257723343171,-2.543782033015961,22.263531570456607,126.18410815329219,9.8987808627025,3.0097026081296625,66.20967110403761,131.0289191100823,underfermented
227,6.389026420525013,2.6855839307137104,826.8896810613778,10.551611796982167,32.62197338976588,-4.595181307331824,27.45212319119648,126.25666045096023,10.758985435298438,3.06222991874677,64.23279302862501,130.88836019661636,underfermented
228,6.28295580126081,2.654913797200538,678.2234727501406,9.77330532693187,9.133118290141535,-2.8440665259613307,21.701215878516457,126.25367584019205,7.788356383756321,2.8148227202082006,54.01743948993121,130.72875764460449,underfermented
229,6.70521895506857,2.690519636107493,808.8020795398706,10.768514946273434,12.160966541654197,-3.0312777769480364,21.994259527337245,126.25208083276178,9.314254201986364,2.9960933051655343,69.1889950333786,131.06805662722908,underfermented
230,7.080821678779209,2.7848674739196477,795.108451387436,10.142627243369914,32.369352906547626,-4.601227691771855,26.507269642136038,126.31025841620942,10.951611630753874,3.1648910016383054,71.12095626002458,130.9570437528578,underfermented
231,11.082019556877645,3.21821333194855,511.0017066667936,7.618089491883859,13.131178806761383,-3.221828905495169,17.246882704647078,126.58727530578417,14.268561859180878,3.5054686714989005,40.968813713034216,130.11865390660722,underfermented
232,3.8303231741362076,2.193008304669969,938.3502046635189,13.294747728052126,4.600252553041249,-2.31894750110358,24.56425105103748,125.90639824817102,5.448237144837012,2.424829495744795,69.05864227437446,131.51652520576133,underfermented
233,11.530690376564785,3.474152676125448,357.1529780569138,5.467674754229538,13.388135442794578,-3.602436910675044,17.26652271288267,126.80438028692272,14.845838404509468,3.7370619875378113,30.140364528256402,129.56687600022863,underfermented
234,6.391230904182349,2.6771568241120813,777.0863998670201,10.412953317901234,50.82302753179388,-6.1296278517830345,27.787701049947678,126.44820423239598,19.416801509787224,3.939334012018037,54.808757909924054,130.51614297553726,underfermented
235,9.709790432820872,3.11339678914781,577.0057226819159,8.146206632944674,11.567121527994138,-3.172456071075452,17.953070513016996,126.55026327446274,14.812790936424332,3.566773735426745,40.626301856867805,130.10494184385,underfermented
236,4.537931095393249,2.3870478336954903,1073.3653165695569,13.09283193301326,38.46428096899503,-5.26824727812049,32.99412414350688,126.13744570187471,10.395028179850657,3.0300440889791336,83.7738192088591,131.48395883344764,underfermented
237,5.399203694080201,2.516083240505157,671.0406013945603,10.035597422267948,13.132258103534738,-3.1381468107486,22.115009177617356,126.25198080989941,9.280467199383793,2.9284352166100827,49.452978714285656,130.63803333619114,underfermented
238,4.447801208190878,2.334541990651191,1073.731328131696,13.64631380029721,4.727574655887454,-2.3367588844165157,27.12933226050829,125.81955518404207,7.967413054512386,2.710675408672843,59.474917109249176,131.13906035665295,underfermented
239,7.475394854013015,2.81557457330541,686.788630877187,9.469335848193873,13.755629843732923,-3.2352540195985195,20.695071816973446,126.38728137860082,9.20868069539125,2.9871045490776744,55.70923839032587,130.66838848879743,underfermented
240,9.878322378591301,3.162815308600898,496.2860515711057,7.213155864197531,9.640717880414448,-3.065058414062758,16.63383641833996,126.66510202331962,12.79034203071353,3.4308794981830553,41.16870820162842,130.04158450502973,underfermented
241,10.034311540204419,3.1267207471157747,691.5735253875215,8.996790337791495,6.514355079560348,-2.7250374330190983,16.6049429843287,126.55431955875629,12.961551553108906,3.3854982928518633,50.75172976415205,130.405005072588,underfermented
242,10.066443268846431,3.1702707176380835,566.5704146851217,7.938430569844536,8.563110929723099,-2.960155849960853,18.272773240793285,126.53910536694102,12.763039805199448,3.4348870260246227,45.32003157252411,130.20452889231825,underfermented
243,4.884514627303021,2.4453275594748884,1054.740144724716,12.774928912322817,17.062466865118733,-3.46083439515479,17.496417883494733,126.48842413980339,9.525473062591256,2.921014326448974,57.10374297303147,130.88127822073616,underfermented
244,6.900243384628904,2.7436972623779057,721.1663464326501,9.782212720050298,16.036353635435518,-3.461327434921747,21.96745162065587,126.37803104995427,9.768944815149654,3.05582969218822,57.00444334674777,130.68168617112482,underfermented
245,6.583293092517293,2.760273231142955,879.2632853116157,10.709790809327846,6.242863909892753,-2.645095455482562,18.972209162016842,126.38273926897577,9.911031686155923,3.0404527711063256,46.4487966395435,130.44762552869227,underfermented
246,8.793023855372441,3.0908696456853635,561.2778108047912,7.642298596822131,15.409932453774907,-3.557030085643305,16.86840374639059,126.70368584247828,11.328886153375302,3.3157546279009,36.85715940409123,129.93050018575676,underfermented
247,7.261992155617548,2.733208456751615,674.6101799526002,9.789509030635573,6.31402621257573,-2.621544761087308,15.688340773093683,126.49518818587106,16.703134091029472,3.6214659592513208,34.71255290009791,130.09310520976223,underfermented
248,10.653966790146306,3.1741325374662126,595.7138024571888,8.41361775548697,6.860164392830082,-2.7626435426586093,14.86747900078119,126.62124021204846,18.513271441691042,3.9261881214384613,37.015368128339496,129.98294610196618,underfermented
249,9.143890766152587,3.042912377852228,529.6207313582611,7.841222636602652,14.380701257556996,-3.359489964539128,14.916460292527768,126.705025434385,19.33578055402946,3.9891188404101356,32.60447494940572,129.81239997713763,underfermented
250,9.877609168091926,3.115639234917034,584.1166309873621,8.172794853109282,10.751109657674846,-3.0722018566194462,13.82421151428494,126.7311528349337,15.27137684493757,3.655723668734794,39.952000127471045,130.04732153063557,underfermented
251,8.485708690944591,2.9014528013801795,507.83685998142346,8.234682213077274,6.859335284389781,-2.7261064171496066,15.802891488793753,126.5342649748514,18.335292872888818,3.7585749499764676,29.014450038986013,129.8648137431413,underfermented
252,6.66254091386263,2.667745699098435,616.8543826972995,9.461267932670324,6.880410377918464,-2.6191171144423713,18.0177102032877,126.3598018832876,8.227543388827886,2.7844235081260047,36.69415650389708,130.3088634545039,underfermented
253,7.578551680386278,2.8767957472200694,707.3327041540025,9.296298082418838,8.356774038003072,-2.885797880354432,18.477722016962815,126.51914901977595,11.423917372084922,3.271346205865035,49.46731464228007,130.38654192386832,underfermented
254,6.136620124096382,2.619412616226547,669.9035084378054,9.752936385459533,6.610724927909676,-2.6800264126878943,14.292408219855739,126.59269975994513,12.440036094917119,3.3276691617811336,45.93865228079474,130.40185613854595,underfermented
255,3.8306641428210266,2.2520536302605914,1227.2582126826321,14.653856595793323,16.82740546011029,-3.3620795992542036,19.18673677635669,126.34879401005944,8.068177529233727,2.6415727144966685,52.88482200409323,130.9930787751486,underfermented
256,6.330426949166533,2.66533897781024,850.6102273082313,10.978432570301782,6.213105775508623,-2.545106987627499,20.56487954984862,126.247065400663,8.421799281503601,2.831152561161247,45.229720412642386,130.5267025320073,underfermented
257,6.625472625966983,2.6175263890041287,693.6551104945798,10.313998556812987,5.291245187552768,-2.4630095421277822,21.616746492562157,126.15554983996341,9.531639959140227,2.887951219545291,34.95076426720123,130.28453289323275,underfermented
258,4.47778746761845,2.377673744637783,775.9270015868141,11.190859696502057,11.222941846941062,-3.084851175246407,21.77521586153519,126.22753236454047,10.605038915923696,3.064270647287414,37.38385369121506,130.32628886602652,underfermented
259,5.270454962552282,2.5123063747856165,900.3881490464822,11.524078717992683,7.834007640354505,-2.732680406633776,21.684134600849262,126.25245591849566,6.248954714321725,2.6236307835338994,70.78398864825262,131.20409129229537,underfermented
260,8.86704791997065,3.084950848241454,841.8170524591534,9.559152806355739,25.889710385653586,-4.149119166967843,23.33518039068664,126.46833919181528,11.361653864199875,3.2683674235426103,60.58868496049156,130.55412844364426,underfermented
261,5.672643173585863,2.585219507158119,900.0441295687431,11.220730809899406,13.486195838035599,-3.1843142277124907,20.29088171417178,126.3849576331733,8.223506598838084,2.8318991471699464,58.73989338301841,130.82548511088248,underfermented
262,7.322043873748845,2.798352387831214,763.9678944735642,10.041922082190215,7.012028726844102,-2.7032739648047106,21.37757990139289,126.30247985253773,8.368335314736463,2.8990396982467352,57.360513333536865,130.7349662065615,underfermented
263,8.78412328827737,3.0590998190395955,662.3363253665818,8.505853123571102,18.219846326936338,-3.608186337694729,20.99041222361142,126.50990404949702,10.535184780852655,3.166820526215107,48.20852950036178,130.29464413294468,underfermented
264,10.360391051669863,3.2642042676533736,637.7180588770697,8.029663923182442,21.817580950117865,-3.913886030022223,24.002727738858855,126.46303976623228,12.507064262914556,3.3941093697583167,49.38279844129438,130.23555919924553,underfermented
265,11.785863386606866,3.4659678809197434,458.52140685479634,6.331938371627801,18.825403135507614,-3.8263344384407287,17.570959250675006,126.7703332190215,14.46632938427339,3.653421530911133,38.11757658757675,129.81302333390488,underfermented
266,8.723822507796982,3.0456630004291214,695.9542670297225,8.731143904320987,10.801339190012495,-3.1486498436298924,22.403550198291178,126.43331154263832,8.566963650144425,3.0171411118482636,58.86911340030858,130.55058477652034,underfermented
267,5.304838415458942,2.5477102473946776,1130.5975886460258,12.854525677297667,8.247202022909628,-2.7707301379035423,21.396819577934874,126.23543774291267,10.13818502168037,3.0637422383369093,54.58444010707249,130.72874514174669,underfermented
268,7.456184141395884,2.9134542915123967,691.954578118624,8.837048468221308,14.044635240435671,-3.363543891189504,21.19297467977206,126.4806295010288,9.406091764382587,3.085343622842628,50.87841385499247,130.37531792981252,underfermented
269,3.969756068357448,2.2822730707237358,1117.0143152225835,13.758273319615911,13.434230137995016,-2.9949945874638484,25.93931383950839,125.97182570301783,7.263999711268587,2.6037978521780394,71.69217910832587,131.43073595393233,underfermented
270,5.544903781503153,2.573282532608631,858.9432668704587,11.023878672267948,8.283310590641497,-2.764855900776316,23.139923294340267,126.21068208447645,7.725014274539557,2.7888039416706247,61.81023500717678,130.91913687414265,underfermented
271,4.7294627332661765,2.3839039252351237,840.580550522539,11.734466092249656,7.599509840710729,-2.5949035467032506,26.167782905807957,125.95072802354824,6.28051345303113,2.5376603157294864,69.09281564535117,131.33738961762688,underfermented
272,11.301535755465405,3.453542073719509,524.0492235948667,6.710792824074074,41.47909749279859,-5.182524224812196,17.315479764966746,126.86298832590306,18.714520521921212,4.033324194471015,42.43176854267632,129.84809385002285,underfermented
273,5.696485583636962,2.586342291385796,765.3203139265631,10.399343064128944,11.887702025165567,-2.964712891901111,25.339544132247955,126.11886288294467,8.385576215284622,2.8519837167004134,59.083141543284675,130.8415494970279,underfermented
274,9.792071536304157,3.2396820201650187,632.2802136645148,7.83122213648834,43.33266597962705,-5.323577989156281,17.390496910431974,126.84282478852309,14.54006038545711,3.5661679694195554,44.955140349064884,130.06727073331047,underfermented
275,5.527919000449167,2.581516366677445,880.4480026319939,11.033818444215822,21.34479112038315,-3.718272013603275,24.666394430672693,126.25856624371285,7.142118713245216,2.7192478065455186,73.23234220215967,131.1665666438043,underfermented
276,5.002020926370021,2.4868702007844483,897.6485064946739,11.449976065957934,25.102204137575193,-4.018746514739125,26.49639373832388,126.20751528920896,9.123432045596552,2.898620221303165,66.58300021801294,131.0347758058985,underfermented
277,6.102457015558601,2.6715090128964194,788.5474214066519,10.157410979652491,18.42563879188159,-3.5131246304030497,22.86926936962469,126.33659479309557,9.925990715777305,3.0194631997510504,55.61081057798686,130.6439650491541,underfermented
278,7.952353667874274,2.8536736605126376,728.2035189498303,10.042170353223593,8.66636627091525,-2.715109792289157,17.387358811463898,126.39157343106996,13.66319749014177,3.3302963477593424,37.8497708903671,130.2470350365798,underfermented
279,6.621294143083375,2.742093951551096,846.550684329422,10.667872299382717,8.21582102055317,-2.8312122794405665,19.23643493988369,126.39451338877458,10.411669929291556,3.058216080232798,44.109289572789336,130.41238354481024,underfermented
280,6.848550522154396,2.7381447179181726,758.4356839983864,10.053860525262918,24.17929789316614,-4.0035788254980895,24.880908204500113,126.30314071787838,14.240986690868805,3.4378068549422176,50.705584052621965,130.47464420438956,underfermented
281,5.516962533894159,2.592238481652963,753.1225488238075,10.115388874599908,18.382601910491527,-3.637285820770193,20.296285584391057,126.47484425011432,8.29580359080973,2.842023661830111,52.73590411400457,130.6430237625743,underfermented
282,2.6158350049511503,2.0129751807820355,1745.722891653681,18.699392003886604,33.401132283678166,-5.295287214911969,56.861098378520985,125.60796396319158,10.235394992016623,3.0173750661490994,123.31453485655273,132.50031435756745,underfermented
283,4.902870042434313,2.4323245079164666,899.2410957796263,11.827801711819845,8.955122570615972,-2.7094227238179136,22.94157258207513,126.12873656835848,6.539730521524808,2.5983153287028418,66.86023532249817,131.19575903063557,underfermented
284,7.516413713055769,2.8862970591175188,810.9226184839829,9.83334583619113,31.912632533798444,-4.5430983128411695,22.45671175606731,126.50631572930956,14.624156221588631,3.5009745749611816,50.55178290682689,130.370227480567,underfermented
285,4.895939193829661,2.4338771386023326,974.4606332061102,12.43437964391861,31.40406345621021,-4.389616432923876,23.74553778012116,126.27795460390946,10.001622764162583,2.9372410031697807,65.01088308448286,131.11452974965707,underfermented
286,3.797258358266806,2.2168362392848375,964.094743339924,13.159352494855968,10.624550033982848,-2.7780578670554745,27.377048161127323,125.85178755144032,5.787727890507984,2.421023094076653,66.88577184288512,131.42616705246914,underfermented
287,6.776522324213447,2.719610237061708,581.0711343196801,8.922809142089621,7.673479509055001,-2.752286568155241,21.239974845565367,126.28625828760859,11.622720512416409,3.2221993004179206,37.32289565824771,130.17516325160037,underfermented
288,4.906507374208354,2.4565016787440737,1028.419227323294,12.514808741998172,37.13283974890242,-5.1151994869160164,32.55019660776131,126.14583869170096,10.46850182671826,3.041602875972764,81.40552271659558,131.37778456504344,underfermented
289,8.248798658362448,2.8784916828579448,682.8054510898132,9.617891232281664,11.218068562916173,-2.9447919321406335,18.748010894335973,126.37935992512574,15.668735810897054,3.545669215492319,38.05253808698016,130.17625278635117,underfermented
290,6.5608088938544835,2.7086375082214498,767.2707801337559,10.1684206390032,39.69994298725182,-5.128590490804016,25.93490717776413,126.36575681584362,14.393202031356836,3.3989002446251884,55.5759067717896,130.63225880201188,underfermented
291,6.06055807451343,2.64929267915508,807.0435914256955,10.425093592821217,8.891129184051858,-2.875597961926162,20.232631895297068,126.37551440329219,8.080506538353559,2.8544496559624073,55.49173963790842,130.69779699645633,underfermented
292,4.752041079447722,2.4144036829563276,1024.119587821264,12.72839863397348,38.93705344857072,-5.212243686806008,30.407759157375697,126.20701517489712,11.199841648208817,3.076999213386229,71.42826412126546,131.20824045496113,underfermented
293,6.576358272645447,2.7377293224167305,807.0441262177956,10.218885745313214,41.798416519359364,-5.426949985458435,28.818281037546107,126.36775012860082,16.220883742166606,3.660132820566726,58.213386175519645,130.56713320187473,underfermented
294,7.271751992143457,2.86910331219199,845.6085300289313,9.981304655349794,45.82627849110689,-5.5617231307519015,23.392794113134414,126.57304169524463,12.976575324536181,3.397619660309228,64.18411887814976,130.65870234625058,underfermented
295,7.69025703857629,2.9065177122502264,697.9849215099132,9.139671210562414,12.822366946513858,-3.1888604400805054,17.794912675311323,126.55299604195244,12.14041203782519,3.3202870239230307,49.363681178195364,130.3687378543667,underfermented
296,5.788840604927925,2.6081428298012006,728.043398347234,10.030226551783265,14.852809832075817,-3.26566373991285,21.067482909751572,126.35520976223137,8.46149445848984,2.854115100942421,50.55045720229085,130.60590099165523,underfermented
297,5.825306492238189,2.6441432829969327,851.8641365485445,10.583440500685871,32.99865667307945,-4.644879787853983,25.093324766618082,126.39090720736168,10.229774675761803,3.058789244820759,65.62936985030838,130.86207204503887,underfermented
298,9.329017198308925,3.1778476624710446,598.449276108875,7.797389403292181,10.63420078407978,-3.2002615781014505,15.764154619793253,126.7301776120256,10.804105795033069,3.2412007680232526,39.39083019845597,130.01634123513946,underfermented
299,4.437040736579854,2.3770753217034013,1012.5642711825449,12.595805827046181,24.185051878700484,-3.9039083780162755,22.930441746542428,126.30314250400092,9.227880612201957,2.861265909837621,63.1494681756084,131.04312235653865,underfermented
300,9.366327507175583,3.084677576417426,727.708634800085,9.28542059613626,5.501327553980847,-2.607778590736188,24.99146974924159,126.19138838877458,13.475120346611352,3.468515065724809,41.235907118980414,130.1554230252629,unfermented
301,7.251451360862628,2.830233281538858,790.9076073684728,10.045830118312757,6.344702924908802,-2.6292790725430906,34.083454605308624,125.84583619112941,12.790684078486013,3.3266441516479897,40.61240398763356,130.21404535322358,unfermented
302,9.121182278262735,3.107986180544966,804.7889937103628,9.380185113740284,26.722956215119492,-4.442017876957921,37.88411158964772,126.09317486854138,20.875346609238463,4.230043153497584,56.25617711727268,130.26156335733882,unfermented
303,7.100253296642958,2.7502924384986596,794.4332630519273,10.636884859396433,5.5219132827037605,-2.484024639783486,38.57435978251302,125.5702196216278,7.4057544045323755,2.7766012001288622,60.58733263489088,130.9331972307956,unfermented
304,12.284828332879735,3.502583515726688,570.2714345177711,7.276161336877,9.038065229549515,-3.1475090242523325,24.510505528374274,126.43845378943759,11.783583094686046,3.4346578874359417,40.17230302161285,129.95016360882488,unfermented
305,8.991015215186993,3.1422464395076806,916.1442480620611,10.00111275434385,7.473774351534162,-2.872446497089078,28.65927919065721,126.13676161694102,9.521672916658007,3.1780853911079805,64.47758196159778,130.66694351566073,unfermented
306,9.464305515975077,3.095268736700539,737.9408591467763,9.38639903406493,5.602847137281232,-2.6344576357629355,28.54324600882498,126.06919081504344,8.726958320471347,3.013284991805434,56.382199362440566,130.61511917009602,unfermented
307,10.908282813199536,3.2595379772772697,589.7705246744238,8.094441229423868,8.412233671496917,-2.8920651946554177,25.6808667174187,126.23548418209876,11.653922789964126,3.304394777553913,44.85488163645505,130.2308152577732,unfermented
308,13.018630730245693,3.5111819641106052,372.43254168214526,5.972079332418838,8.759545319735834,-3.096118821421257,17.576322217271283,126.65716270861911,16.95140244125717,3.8506261244900992,29.47982918881668,129.63858346193416,unfermented
309,10.702779525229857,3.2495223663837307,670.2296188634261,8.648900105738454,8.532677629713625,-2.9275685078964693,29.69394214282472,126.10171074817102,12.164360047366829,3.337819963503386,42.80746804620947,130.18958440500685,unfermented
310,12.779579602189214,3.543450560974837,551.387690902908,7.2044699502743486,12.992148550694354,-3.381016950059165,24.725531633864072,126.42353073559671,16.776883042760655,3.811044089828086,35.04241023786087,129.79982210219478,unfermented
311,18.159338291609618,4.091826367985066,408.8481136171003,5.702180141175126,14.21993895595665,-3.6067583118345823,20.708581911529336,126.6468496370599,19.716796740033164,4.129458451855152,27.2630859016291,129.47849865683585,unfermented
312,9.869705163470345,3.1590013569660904,560.1937476844852,7.981133187585734,6.998408841394211,-2.8190631015411864,26.234732792916603,126.20927819215821,11.159200121382518,3.2900063166375677,44.42923044870767,130.2170103166438,unfermented
313,13.060013734569722,3.5228435691765134,452.5397199470244,6.587294953132145,8.538347376742145,-3.069905772191786,24.236373470940496,126.41650234339278,13.401777562826432,3.5225910530834765,29.681769727492977,129.69459090649292,unfermented
314,5.8624376763144905,2.5540490278859305,932.3764197836442,12.072643389917696,4.830796876535485,-2.3410676671867052,36.16318539904052,125.54988461648377,7.612981985546208,2.7406905195784783,73.98026322061423,131.35446673525377,unfermented
315,14.54149777699207,3.6408698377760014,454.0257734825324,6.604570330361225,11.878568316406712,-3.2672224767334335,23.136496622449215,126.44514817672611,14.470585405862334,3.6097625967929265,37.80780350639412,129.91551461762688,unfermented
316,12.22321548862357,3.429620147747021,537.2371413573227,7.363586676954733,7.011566221601722,-2.871777108738003,26.42782777539586,126.28271283436214,13.320209532458854,3.5034609150415115,35.87697096861371,129.9014060356653,unfermented
317,13.165695286351909,3.6271645366474776,559.3631596942183,6.98393918609968,14.13053373117669,-3.5144507090820785,22.513510745645497,126.5499024777092,16.12670220457163,3.8142864763494817,34.524006649309854,129.73084740797896,unfermented
318,7.224672491110436,2.8102544911577154,955.2579790329679,11.348572530864198,6.951829235905564,-2.6422698358838894,34.96263906775363,125.75385088020118,11.820475823664855,3.2105590201773886,54.335943745598726,130.65768425640147,unfermented
319,13.738757298554098,3.6230852737412658,525.983815905435,7.083429783950617,8.542146453030636,-3.0126113618130663,22.016800215285663,126.4541680955647,14.648889570809153,3.6727354536983796,38.18860517310674,129.9130229766804,unfermented
320,10.261327375675098,3.242072213299885,707.5758559355925,8.628397205075446,11.009937189946038,-3.1549976952640315,28.94086330660254,126.2082601023091,14.399462447209231,3.6144358846546853,45.292725294677695,130.13036193987196,unfermented
321,16.143905713022995,3.934634948902291,451.5759460698094,5.9572437985825335,11.31945954918885,-3.4407218963255137,22.61624002405584,126.6028038551669,14.731379725810097,3.7942600775775643,34.5020102367222,129.66923511088248,unfermented
322,11.71206630454025,3.3800589645182555,580.4893215488412,7.776479266689529,7.2504347313411746,-2.8877481655329222,25.76215689243056,126.28268068415638,14.728782283057992,3.665866875540915,42.9004083401428,130.06832275948787,unfermented
323,16.39492553856138,3.962194185131904,543.8090025861126,6.5065354223822585,13.756068210945596,-3.5992811552309627,19.416258666176578,126.72256694387289,19.476775914081184,4.242882779002504,43.56147711317284,129.8014188957476,unfermented
324,9.14045083798875,3.031522397970858,746.7082349137803,9.606026020233196,5.117334867214508,-2.5495569785299823,30.80839588054497,125.95334647919525,11.019144577949305,3.2235102443412775,53.19548971909264,130.52666145118883,unfermented
325,12.056439934958052,3.4560018410557847,451.88502952406424,6.529054855395519,11.593922440525462,-3.281884211483006,20.25414593650103,126.57995398948331,15.29996278196079,3.730276417474149,36.28944816134889,129.82062864369,unfermented
326,8.63863077096144,2.9912192735211613,775.2987078081355,9.927619170096023,5.520861972987101,-2.5537022893699692,30.28811463705427,125.9249917838363,10.197982061969421,3.149324299004586,49.2929320223302,130.47784314986282,unfermented
327,12.667078356668805,3.5506539437699693,551.8383902507919,7.081924082647462,11.469343830359653,-3.3073097537764595,21.162974179824392,126.56342878372199,16.070597457887775,3.860206034000755,41.77825844788333,129.90582311671238,unfermented
328,11.766145543329234,3.359958323507663,489.5018902922529,7.183315114883402,7.1956852384661705,-2.8452172014597217,25.407901166963256,126.27959783664838,13.669468462915827,3.5288739441563153,35.28276000272527,129.90920067443986,unfermented
329,9.591574085914479,3.0790076515723492,647.8963890887867,9.010836405464106,7.120301896421443,-2.6859977944253552,24.19017671452666,126.17493105566987,11.985230669480284,3.34330938527749,58.68286734591815,130.64255937071331,unfermented
330,10.591261011237028,3.3156688147199973,624.8861923432913,7.900475465820759,17.96481638772262,-3.7545516916027424,32.444968072837156,126.20904063786008,16.242203399495057,3.8305437002107445,55.213559922808635,130.2589145376086,unfermented
331,9.979484599991753,3.1270571737261292,552.0008903512011,8.164691215134887,6.925391908814948,-2.759789136953651,24.05188117609122,126.23372842363969,9.854929712587323,3.087774103971998,42.23399699009583,130.27472886659808,unfermented
332,12.418382287414378,3.4455781597499113,516.2487527320342,7.1402999256973025,9.625855204527284,-3.072809248968004,23.14411723447615,126.42852830647006,15.386130357362816,3.7168691607471644,39.84193272341693,129.94549468449932,unfermented
333,11.309587249096982,3.3176222960433353,486.3530963507763,7.126227066186557,9.648435861572752,-3.0674922599189,26.625570193532678,126.28507766060814,14.45222675426946,3.5709263007097505,35.644239807242926,129.8995091735254,unfermented
334,8.623643136037577,3.0165568098744044,802.3115250590515,9.789559042066758,6.708348128488792,-2.719094344680971,36.820646632617496,125.8199409865112,10.419411407006656,3.1578259555404338,51.5939734104896,130.47070401806127,unfermented
335,12.47955020439117,3.4035744202148948,553.2175595123589,7.743557455989941,7.580191114861032,-2.8659693831497552,23.90800304634084,126.30529656778693,13.288807477991583,3.4973865269518267,37.45324402850641,129.9973904749657,unfermented
336,6.732574066105837,2.7116929192696606,868.5293938260243,11.12201181698674,4.337321923272861,-2.380079251611407,30.247717949043075,125.84170488968907,7.623162189547413,2.7854984074491806,55.10293314696072,130.79590334933698,unfermented
337,8.744246070854091,3.0080860756389964,816.7107222559681,10.044670924782807,7.217638213732151,-2.7164375424773715,30.38638282033018,125.981799411294,9.032884782341844,3.0283650956101855,66.94302704003941,130.87232438843165,unfermented
338,8.507889286472343,2.9467888063879126,644.4936235457839,8.976987597165067,6.563945798162846,-2.7033417048160904,22.711215054917492,126.27141739540467,11.21512971009092,3.2393942155278044,51.6724588192399,130.47576588934615,unfermented
339,13.486745413119664,3.5822923332722327,495.3101988590619,6.803519375857339,9.137011435664952,-3.105368096053514,23.036673408923665,126.46204310985368,15.670586847229146,3.7869510553635592,34.928224893877164,129.77945673296753,unfermented
340,14.918698985304804,3.7137488078348926,467.83155392190656,6.692143918609968,10.494458433388466,-3.157610981354354,23.329358028444165,126.41200667295382,17.787786717505075,3.9210239811440775,37.1022308906816,129.86806984453588,unfermented
341,14.81919502574912,3.7478463176055907,432.47759525194726,6.136556212848651,10.784566593251023,-3.284072223805558,21.802016531774097,126.55595921925011,15.994064680163572,3.804200484903181,30.633013711581764,129.6353720136031,unfermented
342,14.881449050843916,3.7502028469897843,510.1702003188092,6.696253786579789,9.2744093088369,-3.192937546591531,22.553624180745054,126.5207851080247,15.183588452752726,3.761211167841998,34.91689200699591,129.7562335676726,unfermented
343,10.325120817124004,3.1991466245005236,588.6118307693939,8.147530149748514,9.802603349659927,-2.993832271675587,25.660425259663366,126.24143732853224,12.768388494742652,3.387348246978575,38.13235269620738,130.0528799439872,unfermented
344,7.34244227483229,2.774705284514218,684.9402161406027,9.819131872999543,14.10690498373273,-3.1717047477836577,29.873900046877917,125.95686514060357,8.982536789947503,2.953516815625334,65.29944170296079,130.98292288237312,unfermented
345,15.911463527169776,3.8796917857755804,449.31410581332005,6.118946830704161,10.444318037102162,-3.3085871947000776,21.03344854402472,126.60542052469135,16.906893494984068,3.9389192209638653,33.884789753528985,129.6807180927069,unfermented
346,12.992235483545533,3.562747713066549,570.4519366904154,7.411251143118427,10.94001540617797,-3.211733447909259,19.6389504333419,126.5533443358482,15.19639725438467,3.747071424658665,43.58065813661409,130.02613275891633,unfermented
347,11.958843417703974,3.386308931126521,507.3970239308439,7.255144032921811,9.452968402101291,-3.051262202288275,22.53238346024195,126.41996920724738,14.20633194710437,3.5790499144150694,40.07794925388244,130.01491055098307,unfermented
348,11.658506568386917,3.389375489010275,587.485455544624,7.716070816186557,10.07364446982403,-3.1253318740742224,24.087147249005437,126.38450038580247,14.274946758599143,3.579593016416626,35.78338301695018,129.8863258030407,unfermented
349,10.363809856043368,3.2306890438981872,725.1496584974864,8.85893204160951,7.191115504442733,-2.828241194394666,30.646495284864397,126.09708469078646,11.850656048982842,3.3627375006378712,45.8403750554264,130.21123399634203,unfermented
350,7.922003956575189,2.891344312662091,660.8435994012121,9.045028149291266,7.163182451772856,-2.7183129677134215,32.340035323613236,125.95177469135803,8.967845857761775,2.974275814714723,46.59657439361959,130.39209140660722,unfermented
351,12.454064606644188,3.490646938649508,623.2101817704009,7.795071016232281,10.194487773461024,-3.1297238526207005,23.3782677357831,126.41886181127114,17.70478501297369,3.9169782775366557,39.475670188795625,129.91246392032465,unfermented
352,15.100662453356403,3.807509080174409,478.0996098325205,6.412655035436671,10.13912292631375,-3.2276673134533027,20.305842011413308,126.59058320473251,17.80833698224669,3.9952067100026283,33.47266541293875,129.69200102880657,unfermented
353,13.554584657290263,3.6516958056158506,550.9496680568938,7.019568758573389,8.343681277207265,-3.0878185413695465,22.938975687603914,126.48154220964791,13.070591307900298,3.582260318583613,36.90730201848259,129.8343496370599,unfermented
354,11.780435313506738,3.3997945335920705,567.76113242202,7.639958776291724,7.556580582428989,-2.9233594707175423,24.4168876466628,126.33777184785093,12.600902944137605,3.4508150944462708,38.4377678194265,129.98786151120257,unfermented
355,8.028134438403663,2.941369490310346,757.6982424233166,9.561292581161409,6.569565615298462,-2.710824792190318,25.085120277962066,126.20905492684042,10.680638011229004,3.175885776458298,44.09706209005519,130.27954603909464,unfermented
356,10.817952282761047,3.2828778405735743,495.2199924390154,7.15271704961134,9.748921803335133,-3.0763876115064677,23.63094704857156,126.39591013660265,12.301696023965533,3.41618180366745,37.47517313346715,129.9468878600823,unfermented
357,13.08673137890209,3.5352184118653525,600.605694484605,7.6299957847508,9.348028581890615,-3.0766837452089173,21.769253843438218,126.47755379801097,15.268208399079306,3.7061402552119835,40.25919426272158,129.95991405178327,unfermented
358,10.452014786436795,3.2273954830568705,515.4756033055436,7.420928355052584,8.327673983024544,-2.972325235552012,21.81601893152587,126.43591035093736,11.121423013956667,3.3090750384967986,45.26317694298172,130.18058949188386,unfermented
359,7.718018445651282,2.877728373959752,820.6810021640522,10.206908007544582,7.748955745370873,-2.747617019084259,30.722577487333496,125.96886252572017,11.308316823506134,3.225557929882831,53.640598046518846,130.55044545896206,unfermented
360,6.9156256599523545,2.7414735730257522,909.5991959753658,11.330936356881573,3.9175587690019844,-2.329959431216926,34.51104080053799,125.68012510002286,6.5618506864760615,2.6679173489223027,54.102153902904824,130.8006973022405,unfermented
361,6.724946672464958,2.6619939383959483,742.2239835875846,10.70838513088706,4.596943164078081,-2.3331042909057884,32.624489131362324,125.65288673125286,7.660448463600213,2.745071652667524,54.05588908869519,130.8833269032922,unfermented
362,8.51026258495264,3.0029569268773755,710.441649682681,9.140055226909007,12.51767831521073,-3.1969122851370675,31.28599932424531,126.06505236911293,11.954190396581044,3.3521984675709207,52.89227824744608,130.4211230424097,unfermented
363,15.108679700430056,3.7752040036707237,528.1818847551355,6.864561899862826,9.270709297321442,-3.1529448370242283,20.7217969327017,126.5594510888203,15.363460520028429,3.82416101470163,41.00619293670975,129.90172932384544,unfermented
364,12.489138251834278,3.4853196415307646,476.27442064409377,6.795964077503429,18.136846677835806,-3.6105755229371015,18.135347838345137,126.64046603509374,20.6591111060329,4.05700475379791,30.291576643099372,129.66688457361684,unfermented
365,11.998299067077479,3.4221325983361193,452.45394211554157,6.60479895404664,9.563600303922604,-3.104071371593382,20.693074851197483,126.53990376371742,14.29069676349036,3.6281972024033458,38.69422530648934,129.90127029035207,unfermented
366,8.616855655678414,2.993811838102801,699.094441907956,9.104061285436671,6.61565026557756,-2.692958038412187,29.383996062027116,126.06790659293553,10.689056490443699,3.218216950104603,47.27635252936513,130.32194858824874,unfermented
367,12.74585972698499,3.4515374949946227,538.5218542952944,7.519131158550526,7.855255268943596,-2.916007452854741,25.995062090030395,126.26491769547324,13.535053868107692,3.523488255228242,43.52857409292933,130.12629851108824,unfermented
368,9.397166378128855,3.0486212114075264,728.9242630711946,9.50844300125743,5.387824444591438,-2.559122567222703,29.544685703764788,125.9918409922268,9.297904465938196,3.0514032746216424,57.80320702692526,130.67110160893918,unfermented
369,6.619451777209132,2.7088093278916783,963.8015044600613,11.684324274119799,3.7549196263238587,-2.2912855670909713,31.94587910624556,125.75764460448103,6.476254071760078,2.659616940138695,67.98220675750737,131.139696216278,unfermented
370,8.834248955966268,3.048742758239177,829.7429783043125,9.87948138145862,7.06355168288238,-2.739973057269609,22.282459932654763,126.31249106938729,14.754840604729281,3.628427854952168,53.362224227119675,130.401625728738,unfermented
371,19.215690404045933,4.252273815099079,451.01645497996515,5.6429719650205765,12.807015817632015,-3.5944705434661812,19.1693427229576,126.76213313042982,19.21371731796985,4.230334303297109,36.64348430291988,129.61615512117055,unfermented
372,7.918608635979046,2.8909492464957522,738.1340019440916,9.641968164151805,5.046287220218769,-2.5347091749657835,33.87387718965456,125.86327231938729,7.9180859234596515,2.85605123316556,45.34348812630884,130.41042774062643,unfermented
373,8.608015553547654,3.004652860155892,742.3221555287229,9.420276420324646,6.150062221544836,-2.6388461805680903,30.03615241405129,126.02050111454047,9.707924866269805,3.0922278850840597,48.89523874181611,130.4110296639232,unfermented
374,6.548110136317348,2.696618360216907,985.23551910134,11.710655292638318,4.111942079659108,-2.376176711210349,35.57689991570499,125.70265524977138,8.20006147057671,2.8493907530771874,59.2941540697565,130.8538933899177,unfermented
375,8.801828921586281,3.0402237044691716,641.1020638934381,8.518918609967992,7.933978831718003,-2.865445083785717,30.796010670943993,126.09213534522176,11.104067693385883,3.249273330851013,45.10971463328257,130.2291470193187,unfermented
376,12.043892709070354,3.4766320351829396,601.0335739223749,7.457908236168267,18.484632640760054,-3.760361226500938,25.192207943496463,126.46086784122085,16.47052462974225,3.852234995658108,45.14496865645184,129.99444873113853,unfermented
377,8.214265163998673,2.9285661476696587,621.9707662175883,8.762440343507087,5.911720795668192,-2.6461013110907823,27.494787740180588,126.10727273376772,10.013961018586116,3.121176740938906,47.41018328315101,130.3771236997028,unfermented
378,12.00922795606087,3.4164351901167818,460.12257477474674,6.718787508573389,8.573269196348027,-3.0697057709184685,24.770642011812818,126.39760695301783,10.799145347330677,3.276348113764338,31.749760727129473,129.78851951874714,unfermented
379,10.331440910422499,3.3282986970263186,522.979993253923,6.894249042638317,8.102636225378477,-3.094013789221096,30.204438293362536,126.30748992626886,11.034118111808723,3.3979979678848706,46.35813148076927,130.04315272062186,unfermented
380,8.297321793159174,2.950419919171911,821.6647418417659,10.053780149748514,6.5571959907291735,-2.6679183016015497,37.19397969215022,125.78282893232739,10.308194489166587,3.100621725433501,50.14823618841699,130.47155957075904,unfermented
381,10.230344733927634,3.207311556583555,611.222720450666,8.064777306241426,11.753670750869487,-3.203301125140571,34.61823983980985,126.04979888260173,14.96189034004107,3.5606589463164298,40.02250189930096,130.02767596879286,unfermented
382,9.556614368572772,3.0890507758633117,713.3411224650147,9.274109082075903,6.088407320484421,-2.6640111691605965,28.195522310632928,126.07561013946045,9.747039310720412,3.082222365446638,43.92607528170343,130.31021197702333,unfermented
383,16.034973309288652,3.8679068819710642,473.5805522436762,6.32799282693187,10.755287568776756,-3.3022957470870837,21.6603468727879,126.57310242341107,17.129269237789348,3.94629308744311,34.318898569516804,129.69640917924096,unfermented
384,9.755289963675311,3.114020468419658,617.733708522894,8.463573816872428,11.460979169233788,-3.1106973388471166,30.758305596821923,126.07627993541381,12.181815280224768,3.3047119074977425,51.564666977179755,130.4203675125743,unfermented
385,15.403750797343804,3.7831947358819624,423.19853297443706,6.047064328989483,10.435143740611087,-3.312585018050501,22.346463644320444,126.5543374199817,17.668756872426805,3.969347800763135,29.868764675950636,129.58809334990855,unfermented
386,13.410806895910063,3.59523639699484,438.2051817297785,6.349812099908551,8.331658368745122,-3.0692669637557386,23.60760490483777,126.45407878943759,14.889838356735488,3.7177307349143867,33.28607890364822,129.73791866712392,unfermented
387,13.962396312382946,3.6326636269578465,478.964084130297,6.658364769090078,8.916221551739598,-3.07233303003786,21.788082375132685,126.50284529320987,14.151172467766493,3.6639521956855203,40.59867432357892,129.93179333847738,unfermented
388,9.60780368492854,3.1254237241711524,656.0842444666216,8.78165366369456,6.8225150458236925,-2.7587684047890373,28.799542979373523,126.07530649862825,10.155389141089909,3.129289328002312,40.94018897377456,130.21340056298584,unfermented
389,4.685395092906761,2.390828720591797,1086.2737240741492,13.482078046410608,3.875557539081588,-2.21762399163026,43.93620229642516,125.20252307670324,5.8001452668462505,2.4906692886289337,70.8684761316314,131.44042031035664,unfermented
390,8.368975808799279,2.923186676909207,668.5202099573323,9.237640032007317,5.613239804127867,-2.557738409090775,26.64762744509973,126.08345300354367,10.944035572654709,3.1716860778653984,52.1150028064285,130.53594214391862,unfermented
391,10.81607846017847,3.268396119065516,611.9241801492702,8.064750514403292,6.849103510092801,-2.828130693786,28.049961161024683,126.20323931184271,12.683751440944036,3.4504159390717577,44.101311719253104,130.13530949931413,unfermented
392,7.916901574789929,2.9064878093804816,749.5827395053299,9.624699931412895,21.42777943924862,-3.8640413513487593,33.46562388925309,126.03530092592592,14.019943103490561,3.4600081998019947,55.210688730976635,130.51863818872886,unfermented
393,10.219080803097077,3.219886626435893,635.2149698902202,8.23019547325103,6.760538259791783,-2.827108494565546,31.328838816644463,126.0999281978738,10.250242928456512,3.2205562608220286,38.85042589460627,130.03628686556928,unfermented
394,13.082563153905994,3.5978672402036036,499.0127347257985,6.602282307384545,16.364777218791996,-3.6500386780295497,20.952092611169142,126.62439093221307,17.497177514154274,3.976279428388285,38.612629376093984,129.78813193015546,unfermented
395,11.760328789985332,3.4048451166260603,752.0772747514075,8.822632673182442,7.705861471881322,-2.8529655181576867,27.91702625524145,126.17784243541381,13.055658484609172,3.4823739801012077,46.75119839653525,130.21194487311385,unfermented
396,7.925104118989086,2.902768770620292,850.477282992801,10.386904506744399,5.288384797830025,-2.5510605019927883,33.78665785773148,125.84425190043439,8.513395288278783,2.9387575689213974,52.33823463078489,130.57881980166894,unfermented
397,8.849820373023867,3.0372893368727296,697.6116676564159,9.024168024119799,6.506312792041452,-2.741205230829105,28.620842314788238,126.11748221021948,9.492244385855049,3.0994067930570948,50.5021776854832,130.41937621456333,unfermented
398,9.404952821009612,3.114851963870059,671.8613206596109,8.676009873685414,6.702591655115954,-2.787816317772528,28.172447733384345,126.16502164780522,10.88138853642222,3.244795503966667,39.7326629115705,130.09399291266575,unfermented
399,12.348207251756033,3.5102585093180787,634.4613633082022,7.6350290780749885,8.249857376447874,-3.0487290370896534,25.79690625720032,126.39091435185185,17.404301599566953,3.9046418303910087,39.48632478796007,129.8690075588706,unfermented
